,Address,Date time,Minimum Temperature,Maximum Temperature,Temperature,Dew Point,Relative Humidity,Heat Index,Wind Speed,Wind Gust,Wind Direction,Wind Chill,Precipitation,Precipitation Cover,Snow Depth,Visibility,Cloud Cover,Sea Level Pressure,Weather Type,Latitude,Longitude,Resolved Address,Name,Info,Conditions
0,"Jerusalem,ISR",01/12/2023 00:00:00,49.6,49.6,49.6,39.9,69.29,,3.6,,120.0,48.6,0.0,,,6.0,0.0,1019.0,,31.78,35.2187,"ירושלים, ישראל","ירושלים, ישראל",,Clear
1,"Jerusalem,ISR",01/12/2023 01:00:00,50.4,50.4,50.4,40.9,69.91,,2.4,,108.0,,0.0,,,6.2,0.0,1019.0,,31.78,35.2187,"ירושלים, ישראל","ירושלים, ישראל",,Clear
2,"Jerusalem,ISR",01/12/2023 02:00:00,45.6,45.6,45.6,33.2,61.67,,4.5,,110.0,43.4,0.0,,,6.0,13.0,1018.7,Smoke Or Haze,31.78,35.2187,"ירושלים, ישראל","ירושלים, ישראל",,Clear
3,"Jerusalem,ISR",01/12/2023 03:00:00,44.9,44.9,44.9,32.3,61.13,,4.2,,97.0,42.8,0.0,,,6.2,0.0,1018.0,,31.78,35.2187,"ירושלים, ישראל","ירושלים, ישראל",,Clear
4,"Jerusalem,ISR",01/12/2023 04:00:00,44.0,44.0,44.0,31.8,61.87,,4.0,,75.0,41.9,0.0,,,6.2,40.0,1017.2,,31.78,35.2187,"ירושלים, ישראל","ירושלים, ישראל",,Partially cloudy
5,"Jerusalem,ISR",01/12/2023 05:00:00,43.8,43.8,43.8,32.1,63.21,,3.6,,83.0,42.1,0.0,,,6.2,60.0,1017.3,,31.78,35.2187,"ירושלים, ישראל","ירושלים, ישראל",,Partially cloudy
6,"Jerusalem,ISR",01/12/2023 06:00:00,44.7,44.7,44.7,31.8,60.21,,3.8,,102.0,42.9,0.0,,,6.2,80.0,1018.0,,31.78,35.2187,"ירושלים, ישראל","ירושלים, ישראל",,Overcast
7,"Jerusalem,ISR",01/12/2023 07:00:00,44.9,44.9,44.9,31.4,58.94,,2.5,,110.0,,0.0,,,5.9,66.5,1018.0,Smoke Or Haze,31.78,35.2187,"ירושלים, ישראל","ירושלים, ישראל",,Partially cloudy
8,"Jerusalem,ISR",01/12/2023 08:00:00,47.6,47.6,47.6,31.8,54.02,,2.5,,97.0,,0.0,,,5.9,69.6,1019.4,Smoke Or Haze,31.78,35.2187,"ירושלים, ישראל","ירושלים, ישראל",,Partially cloudy
9,"Jerusalem,ISR",01/12/2023 09:00:00,49.4,49.4,49.4,31.8,50.47,,3.1,,120.0,48.9,0.0,,,5.9,66.5,1018.1,Smoke Or Haze,31.78,35.2187,"ירושלים, ישראל","ירושלים, ישראל",,Partially cloudy
10,"Jerusalem,ISR",01/12/2023 10:00:00,52.1,52.1,52.1,32.7,47.34,,3.8,,150.0,,0.0,,,6.0,66.5,1018.1,,31.78,35.2187,"ירושלים, ישראל","ירושלים, ישראל",,Partially cloudy
11,"Jerusalem,ISR",01/12/2023 11:00:00,51.0,51.0,51.0,32.7,49.25,,4.5,,138.0,,0.0,,,5.9,80.0,1017.6,Smoke Or Haze,31.78,35.2187,"ירושלים, ישראל","ירושלים, ישראל",,Overcast
12,"Jerusalem,ISR",01/12/2023 12:00:00,55.5,55.5,55.5,34.1,44.24,,3.2,,154.0,,0.0,,,6.0,38.3,1016.9,,31.78,35.2187,"ירושלים, ישראל","ירושלים, ישראל",,Partially cloudy
13,"Jerusalem,ISR",01/12/2023 13:00:00,57.3,57.3,57.3,34.8,42.71,,5.2,,130.0,,0.0,,,6.0,38.3,1016.7,,31.78,35.2187,"ירושלים, ישראל","ירושלים, ישראל",,Partially cloudy
14,"Jerusalem,ISR",01/12/2023 14:00:00,52.8,52.8,52.8,35.7,52.1,,7.2,,252.0,,0.0,,,6.1,48.8,1016.3,Smoke Or Haze,31.78,35.2187,"ירושלים, ישראל","ירושלים, ישראל",,Partially cloudy
15,"Jerusalem,ISR",01/12/2023 15:00:00,52.8,52.8,52.8,36.3,53.24,,8.5,,245.0,,0.0,,,6.1,46.3,1016.1,,31.78,35.2187,"ירושלים, ישראל","ירושלים, ישראל",,Partially cloudy
16,"Jerusalem,ISR",01/12/2023 16:00:00,51.2,51.2,51.2,37.7,59.79,,5.2,,238.0,,0.0,,,6.1,41.2,1016.1,,31.78,35.2187,"ירושלים, ישראל","ירושלים, ישראל",,Partially cloudy
17,"Jerusalem,ISR",01/12/2023 17:00:00,49.4,49.4,49.4,40.4,70.97,,4.5,,220.0,47.9,0.0,,,6.1,34.2,1017.1,Smoke Or Haze,31.78,35.2187,"ירושלים, ישראל","ירושלים, ישראל",,Partially cloudy
18,"Jerusalem,ISR",01/12/2023 18:00:00,48.5,48.5,48.5,42.0,78.12,,3.4,,236.0,47.7,0.0,,,6.1,30.7,1017.2,,31.78,35.2187,"ירושלים, ישראל","ירושלים, ישראל",,Partially cloudy
19,"Jerusalem,ISR",01/12/2023 19:00:00,47.6,47.6,47.6,42.0,80.8,,3.1,,260.0,46.8,0.0,,,6.1,28.1,1017.9,,31.78,35.2187,"ירושלים, ישראל","ירושלים, ישראל",,Partially cloudy
20,"Jerusalem,ISR",01/12/2023 20:00:00,47.6,47.6,47.6,41.7,79.73,,3.4,,243.0,46.6,0.0,,,6.1,25.0,1017.6,Smoke Or Haze,31.78,35.2187,"ירושלים, ישראל","ירושלים, ישראל",,Clear
21,"Jerusalem,ISR",01/12/2023 21:00:00,46.7,46.7,46.7,41.3,81.35,,2.3,,227.0,,0.0,,,6.1,7.4,1017.2,,31.78,35.2187,"ירושלים, ישראל","ירושלים, ישראל",,Clear
22,"Jerusalem,ISR",01/12/2023 22:00:00,54.1,54.1,54.1,45.3,72.11,,7.1,,130.0,,0.0,,,6.1,24.1,1017.0,,31.78,35.2187,"ירושלים, ישראל","ירושלים, ישראל",,Clear
23,"Jerusalem,ISR",01/12/2023 23:00:00,46.7,46.7,46.7,39.9,76.97,,4.5,,220.0,44.7,0.0,,,6.0,78.3,1017.5,"Rain, Light Rain, Smoke Or Haze",31.78,35.2187,"ירושלים, ישראל","ירושלים, ישראל",,Overcast
24,"Jerusalem,ISR",01/13/2023 00:00:00,47.4,47.4,47.4,38.1,69.84,,4.7,,219.0,45.4,0.0,,,6.0,43.0,1017.0,,31.78,35.2187,"ירושלים, ישראל","ירושלים, ישראל",,Partially cloudy
25,"Jerusalem,ISR",01/13/2023 01:00:00,46.7,46.7,46.7,37.2,69.29,,5.8,,226.0,43.8,0.0,,,6.0,43.0,1017.1,,31.78,35.2187,"ירושלים, ישראל","ירושלים, ישראל",,Partially cloudy
26,"Jerusalem,ISR",01/13/2023 02:00:00,46.7,46.7,46.7,36.8,68.28,,7.4,,238.0,43.0,0.0,,,6.0,30.8,1017.3,Smoke Or Haze,31.78,35.2187,"ירושלים, ישראל","ירושלים, ישראל",,Partially cloudy
27,"Jerusalem,ISR",01/13/2023 03:00:00,46.7,46.7,46.7,37.2,69.24,,8.7,,245.0,42.4,0.0,,,6.0,37.0,1017.0,,31.78,35.2187,"ירושלים, ישראל","ירושלים, ישראל",,Partially cloudy
28,"Jerusalem,ISR",01/13/2023 04:00:00,46.5,46.5,46.5,37.7,71.2,,7.6,,241.0,42.7,0.0,,,5.9,28.1,1017.0,Smoke Or Haze,31.78,35.2187,"ירושלים, ישראל","ירושלים, ישראל",,Partially cloudy
29,"Jerusalem,ISR",01/13/2023 05:00:00,45.8,45.8,45.8,38.1,74.2,,6.7,,230.0,42.3,0.0,,,5.9,30.0,1017.2,Mist,31.78,35.2187,"ירושלים, ישראל","ירושלים, ישראל",,Partially cloudy
30,"Jerusalem,ISR",01/13/2023 06:00:00,44.9,44.9,44.9,37.7,75.69,,4.9,,219.0,42.3,0.0,,,5.9,28.1,1017.3,Mist,31.78,35.2187,"ירושלים, ישראל","ירושלים, ישראל",,Partially cloudy
31,"Jerusalem,ISR",01/13/2023 07:00:00,44.9,44.9,44.9,36.3,71.53,,6.9,,222.0,41.1,0.0,,,5.9,25.6,1017.9,Smoke Or Haze,31.78,35.2187,"ירושלים, ישראל","ירושלים, ישראל",,Partially cloudy
32,"Jerusalem,ISR",01/13/2023 08:00:00,47.6,47.6,47.6,35.9,63.69,,5.8,,230.0,44.9,0.0,,,5.9,36.5,1018.3,Smoke Or Haze,31.78,35.2187,"ירושלים, ישראל","ירושלים, ישראל",,Partially cloudy
33,"Jerusalem,ISR",01/13/2023 09:00:00,48.5,48.5,48.5,35.4,60.25,,10.3,,223.0,44.1,0.0,,,5.9,33.2,1018.2,Smoke Or Haze,31.78,35.2187,"ירושלים, ישראל","ירושלים, ישראל",,Partially cloudy
34,"Jerusalem,ISR",01/13/2023 10:00:00,59.7,59.7,59.7,42.4,52.61,,11.8,,192.0,,0.0,,,5.8,34.9,1018.0,Smoke Or Haze,31.78,35.2187,"ירושלים, ישראל","ירושלים, ישראל",,Partially cloudy
35,"Jerusalem,ISR",01/13/2023 11:00:00,53.7,53.7,53.7,40.4,60.48,,3.8,,138.0,,0.0,,,5.9,82.6,1018.0,Smoke Or Haze,31.78,35.2187,"ירושלים, ישראל","ירושלים, ישראל",,Overcast
36,"Jerusalem,ISR",01/13/2023 12:00:00,54.6,54.6,54.6,40.7,59.36,,4.5,,152.0,,0.0,,,5.9,48.8,1017.0,Smoke Or Haze,31.78,35.2187,"ירושלים, ישראל","ירושלים, ישראל",,Partially cloudy
37,"Jerusalem,ISR",01/13/2023 13:00:00,63.3,63.3,63.3,42.2,45.94,,13.8,,200.0,,0.0,,,6.0,34.9,1017.0,,31.78,35.2187,"ירושלים, ישראל","ירושלים, ישראל",,Partially cloudy
38,"Jerusalem,ISR",01/13/2023 14:00:00,52.1,52.1,52.1,38.1,58.61,,7.0,,160.0,,0.0,,,6.0,45.4,1016.3,Smoke Or Haze,31.78,35.2187,"ירושלים, ישראל","ירושלים, ישראל",,Partially cloudy
39,"Jerusalem,ISR",01/13/2023 15:00:00,63.7,63.7,63.7,42.8,46.57,,10.5,,209.0,,0.0,,,6.0,42.7,1016.0,,31.78,35.2187,"ירושלים, ישראל","ירושלים, ישראל",,Partially cloudy
40,"Jerusalem,ISR",01/13/2023 16:00:00,51.9,51.9,51.9,36.3,54.97,,2.9,,189.0,,0.0,,,5.9,37.7,1016.1,Smoke Or Haze,31.78,35.2187,"ירושלים, ישראל","ירושלים, ישראל",,Partially cloudy
41,"Jerusalem,ISR",01/13/2023 17:00:00,50.3,50.3,50.3,36.8,59.63,,2.2,,145.0,,0.0,,,5.9,38.6,1016.5,Smoke Or Haze,31.78,35.2187,"ירושלים, ישראל","ירושלים, ישראל",,Partially cloudy
42,"Jerusalem,ISR",01/13/2023 18:00:00,49.2,49.2,49.2,36.6,61.65,,1.3,,160.0,,0.0,,,5.9,42.6,1016.3,Smoke Or Haze,31.78,35.2187,"ירושלים, ישראל","ירושלים, ישראל",,Partially cloudy
43,"Jerusalem,ISR",01/13/2023 19:00:00,48.3,48.3,48.3,36.6,63.78,,2.5,,157.0,,0.0,,,6.0,44.4,1017.1,Lightning Without Thunder,31.78,35.2187,"ירושלים, ישראל","ירושלים, ישראל",,Partially cloudy
44,"Jerusalem,ISR",01/13/2023 20:00:00,47.6,47.6,47.6,35.9,63.68,,1.8,,206.0,,0.0,,,6.0,52.2,1017.4,Smoke Or Haze,31.78,35.2187,"ירושלים, ישראל","ירושלים, ישראל",,Partially cloudy
45,"Jerusalem,ISR",01/13/2023 21:00:00,47.6,47.6,47.6,36.3,64.61,,4.9,,215.0,45.4,0.0,,,6.0,44.4,1017.0,,31.78,35.2187,"ירושלים, ישראל","ירושלים, ישראל",,Partially cloudy
46,"Jerusalem,ISR",01/13/2023 22:00:00,48.3,48.3,48.3,35.9,62.0,,6.9,,222.0,45.2,0.0,,,6.0,22.2,1016.9,,31.78,35.2187,"ירושלים, ישראל","ירושלים, ישראל",,Clear
47,"Jerusalem,ISR",01/13/2023 23:00:00,47.6,47.6,47.6,37.1,66.93,,2.9,,203.0,,0.0,,,6.0,20.4,1016.5,Smoke Or Haze,31.78,35.2187,"ירושלים, ישראל","ירושלים, ישראל",,Clear
48,"Jerusalem,ISR",01/14/2023 00:00:00,47.4,47.4,47.4,38.0,69.78,,3.6,,182.0,46.2,0.0,,,6.0,7.4,1016.0,Lightning Without Thunder,31.78,35.2187,"ירושלים, ישראל","ירושלים, ישראל",,Clear
49,"Jerusalem,ISR",01/14/2023 01:00:00,47.4,47.4,47.4,38.0,69.79,,2.5,,182.0,,0.0,,,6.0,0.0,1016.0,,31.78,35.2187,"ירושלים, ישראל","ירושלים, ישראל",,Clear
50,"Jerusalem,ISR",01/14/2023 02:00:00,46.7,46.7,46.7,38.0,71.71,,4.3,,232.0,44.8,0.0,,,6.0,42.6,1016.1,Smoke Or Haze,31.78,35.2187,"ירושלים, ישראל","ירושלים, ישראל",,Partially cloudy
51,"Jerusalem,ISR",01/14/2023 03:00:00,53.9,53.9,53.9,41.9,63.86,,9.1,,160.0,,0.0,,,6.0,0.0,1015.0,,31.78,35.2187,"ירושלים, ישראל","ירושלים, ישראל",,Clear
52,"Jerusalem,ISR",01/14/2023 04:00:00,47.4,47.4,47.4,36.3,65.03,,6.5,,226.0,44.3,0.0,,,6.0,30.7,1015.0,,31.78,35.2187,"ירושלים, ישראל","ירושלים, ישראל",,Partially cloudy
53,"Jerusalem,ISR",01/14/2023 05:00:00,47.4,47.4,47.4,36.8,66.42,,6.7,,223.0,44.2,0.0,,,6.0,35.2,1015.2,Smoke Or Haze,31.78,35.2187,"ירושלים, ישראל","ירושלים, ישראל",,Partially cloudy
54,"Jerusalem,ISR",01/14/2023 06:00:00,46.5,46.5,46.5,37.2,69.67,,4.0,,209.0,44.8,0.0,,,6.0,44.4,1014.9,,31.78,35.2187,"ירושלים, ישראל","ירושלים, ישראל",,Partially cloudy
55,"Jerusalem,ISR",01/14/2023 07:00:00,46.7,46.7,46.7,36.8,68.22,,5.6,,164.0,44.0,0.0,,,5.9,66.5,1015.0,Smoke Or Haze,31.78,35.2187,"ירושלים, ישראל","ירושלים, ישראל",,Partially cloudy
56,"Jerusalem,ISR",01/14/2023 08:00:00,47.4,47.4,47.4,37.2,67.36,,4.5,,193.0,45.5,0.0,,,6.0,48.8,1015.4,"Drizzle, Smoke Or Haze",31.78,35.2187,"ירושלים, ישראל","ירושלים, ישראל",,Partially cloudy
57,"Jerusalem,ISR",01/14/2023 09:00:00,48.3,48.3,48.3,37.5,66.03,,6.1,,192.0,45.6,0.0,,,6.0,51.4,1015.9,,31.78,35.2187,"ירושלים, ישראל","ירושלים, ישראל",,Partially cloudy
58,"Jerusalem,ISR",01/14/2023 10:00:00,58.1,58.1,58.1,43.7,58.68,,12.8,,180.0,,0.0,,,5.9,89.1,1016.0,,31.78,35.2187,"ירושלים, ישראל","ירושלים, ישראל",,Overcast
59,"Jerusalem,ISR",01/14/2023 11:00:00,48.5,48.5,48.5,39.5,70.86,,10.5,,221.0,44.0,0.0,,,6.0,46.3,1016.0,"Thunderstorm, Smoke Or Haze",31.78,35.2187,"ירושלים, ישראל","ירושלים, ישראל",,Partially cloudy
60,"Jerusalem,ISR",01/14/2023 12:00:00,48.5,48.5,48.5,39.3,70.36,,13.4,,231.0,43.2,0.0,,,6.0,45.3,1015.1,Light Drizzle,31.78,35.2187,"ירושלים, ישראל","ירושלים, ישראל",,Partially cloudy
61,"Jerusalem,ISR",01/14/2023 13:00:00,63.1,63.1,63.1,46.6,54.82,,14.9,,218.0,,0.0,,,6.0,85.7,1014.8,,31.78,35.2187,"ירושלים, ישראל","ירושלים, ישראל",,Overcast
62,"Jerusalem,ISR",01/14/2023 14:00:00,50.1,50.1,50.1,39.5,66.7,,7.2,,229.0,,0.0,,,5.9,86.8,1015.2,Light Rain,31.78,35.2187,"ירושלים, ישראל","ירושלים, ישראל",,Overcast
63,"Jerusalem,ISR",01/14/2023 15:00:00,51.0,51.0,51.0,40.4,66.82,,6.8,,239.0,,0.0,,,6.0,52.5,1015.0,Light Rain,31.78,35.2187,"ירושלים, ישראל","ירושלים, ישראל",,Partially cloudy
64,"Jerusalem,ISR",01/14/2023 16:00:00,49.4,49.4,49.4,41.1,72.97,,5.0,,233.0,47.6,0.0,,,6.0,50.0,1015.2,,31.78,35.2187,"ירושלים, ישראל","ירושלים, ישראל",,Partially cloudy
65,"Jerusalem,ISR",01/14/2023 17:00:00,49.8,49.8,49.8,41.3,72.5,,4.5,,260.0,48.3,0.0,,,5.9,52.7,1016.1,Smoke Or Haze,31.78,35.2187,"ירושלים, ישראל","ירושלים, ישראל",,Partially cloudy
66,"Jerusalem,ISR",01/14/2023 18:00:00,59.5,59.5,59.5,47.1,63.52,,5.9,,162.0,,0.0,,,5.9,50.0,1016.0,,31.78,35.2187,"ירושלים, ישראל","ירושלים, ישראל",,Partially cloudy
67,"Jerusalem,ISR",01/14/2023 19:00:00,47.6,47.6,47.6,40.2,75.47,,7.6,,258.0,44.0,0.0,,,6.0,42.7,1017.0,Thunderstorm,31.78,35.2187,"ירושלים, ישראל","ירושלים, ישראל",,Partially cloudy
68,"Jerusalem,ISR",01/14/2023 20:00:00,47.6,47.6,47.6,40.4,76.03,,2.3,,240.0,,0.0,,,4.3,89.4,1017.5,"Rain, Smoke Or Haze",31.78,35.2187,"ירושלים, ישראל","ירושלים, ישראל",,Overcast
69,"Jerusalem,ISR",01/14/2023 21:00:00,47.6,47.6,47.6,42.2,81.46,,5.6,,242.0,45.0,0.0,,,6.0,45.7,1018.0,Rain,31.78,35.2187,"ירושלים, ישראל","ירושלים, ישראל",,Partially cloudy
70,"Jerusalem,ISR",01/14/2023 22:00:00,54.5,54.5,54.5,50.3,85.54,,6.1,,120.0,,0.0,,,6.0,27.7,1018.0,,31.78,35.2187,"ירושלים, ישראל","ירושלים, ישראל",,Partially cloudy
71,"Jerusalem,ISR",01/14/2023 23:00:00,47.6,47.6,47.6,42.6,82.59,,2.9,,200.0,,0.0,,,6.0,50.7,1018.1,Mist,31.78,35.2187,"ירושלים, ישראל","ירושלים, ישראל",,Partially cloudy
72,"Jerusalem,ISR",01/15/2023 00:00:00,55.0,55.0,55.0,49.4,81.37,,3.2,,137.0,,0.0,,,6.0,55.8,1017.3,Rain,31.78,35.2187,"ירושלים, ישראל","ירושלים, ישראל",,Partially cloudy
73,"Jerusalem,ISR",01/15/2023 01:00:00,47.6,47.6,47.6,42.2,81.46,,2.7,,207.0,,0.0,,,5.8,60.1,1017.3,Light Rain,31.78,35.2187,"ירושלים, ישראל","ירושלים, ישראל",,Partially cloudy
74,"Jerusalem,ISR",01/15/2023 02:00:00,47.6,47.6,47.6,40.8,77.08,,2.9,,206.0,,0.0,,,6.0,56.7,1018.2,"Mist, Rain",31.78,35.2187,"ירושלים, ישראל","ירושלים, ישראל",,Partially cloudy
75,"Jerusalem,ISR",01/15/2023 03:00:00,47.6,47.6,47.6,40.4,76.02,,3.1,,206.0,46.8,0.0,,,6.0,52.5,1017.2,,31.78,35.2187,"ירושלים, ישראל","ירושלים, ישראל",,Partially cloudy
76,"Jerusalem,ISR",01/15/2023 04:00:00,47.4,47.4,47.4,40.4,76.53,,2.7,,197.0,,0.0,,,6.0,37.7,1017.0,,31.78,35.2187,"ירושלים, ישראל","ירושלים, ישראל",,Partially cloudy
77,"Jerusalem,ISR",01/15/2023 05:00:00,46.5,46.5,46.5,39.9,77.46,,3.4,,214.0,45.4,0.0,,,5.9,33.3,1017.3,Mist,31.78,35.2187,"ירושלים, ישראל","ירושלים, ישראל",,Partially cloudy
78,"Jerusalem,ISR",01/15/2023 06:00:00,45.8,45.8,45.8,39.5,78.48,,2.7,,203.0,,0.0,,,5.9,45.7,1017.3,Mist,31.78,35.2187,"ירושלים, ישראל","ירושלים, ישראל",,Partially cloudy
79,"Jerusalem,ISR",01/15/2023 07:00:00,46.7,46.7,46.7,39.8,76.93,,6.3,,232.0,43.6,0.0,,,5.8,30.8,1018.0,Mist,31.78,35.2187,"ירושלים, ישראל","ירושלים, ישראל",,Partially cloudy
80,"Jerusalem,ISR",01/15/2023 08:00:00,49.4,49.4,49.4,41.3,73.51,,7.6,,238.0,46.2,0.0,,,5.9,36.8,1018.7,"Sky Coverage Increasing, Smoke Or Haze",31.78,35.2187,"ירושלים, ישראל","ירושלים, ישראל",,Partially cloudy
81,"Jerusalem,ISR",01/15/2023 09:00:00,57.7,57.7,57.7,47.1,67.75,,8.2,,166.0,,0.0,,,5.8,24.1,1019.0,Smoke Or Haze,31.78,35.2187,"ירושלים, ישראל","ירושלים, ישראל",,Clear
82,"Jerusalem,ISR",01/15/2023 10:00:00,52.8,52.8,52.8,41.3,64.79,,5.8,,145.0,,0.0,,,6.0,40.9,1018.9,,31.78,35.2187,"ירושלים, ישראל","ירושלים, ישראל",,Partially cloudy
83,"Jerusalem,ISR",01/15/2023 11:00:00,53.7,53.7,53.7,41.1,62.25,,6.1,,153.0,,0.0,,,6.0,41.8,1018.4,Smoke Or Haze,31.78,35.2187,"ירושלים, ישראל","ירושלים, ישראל",,Partially cloudy
84,"Jerusalem,ISR",01/15/2023 12:00:00,52.1,52.1,52.1,41.7,67.4,,4.7,,173.0,,0.0,,,6.0,42.7,1017.1,,31.78,35.2187,"ירושלים, ישראל","ירושלים, ישראל",,Partially cloudy
85,"Jerusalem,ISR",01/15/2023 13:00:00,53.7,53.7,53.7,42.0,64.39,,4.1,,148.0,,0.0,,,5.9,37.7,1016.8,Smoke Or Haze,31.78,35.2187,"ירושלים, ישראל","ירושלים, ישראל",,Partially cloudy
86,"Jerusalem,ISR",01/15/2023 14:00:00,53.7,53.7,53.7,40.8,61.36,,4.0,,141.0,,0.0,,,6.1,41.2,1016.4,Smoke Or Haze,31.78,35.2187,"ירושלים, ישראל","ירושלים, ישראל",,Partially cloudy
87,"Jerusalem,ISR",01/15/2023 15:00:00,53.0,53.0,53.0,40.8,62.99,,4.1,,145.0,,0.0,,,5.9,56.1,1016.2,Smoke Or Haze,31.78,35.2187,"ירושלים, ישראל","ירושלים, ישראל",,Partially cloudy
88,"Jerusalem,ISR",01/15/2023 16:00:00,54.8,54.8,54.8,40.4,58.21,,4.5,,140.0,,0.0,,,5.9,37.7,1016.3,Smoke Or Haze,31.78,35.2187,"ירושלים, ישראל","ירושלים, ישראל",,Partially cloudy
89,"Jerusalem,ISR",01/15/2023 17:00:00,52.8,52.8,52.8,37.2,55.17,,2.3,,198.0,,0.0,,,6.0,43.6,1017.1,Smoke Or Haze,31.78,35.2187,"ירושלים, ישראל","ירושלים, ישראל",,Partially cloudy
90,"Jerusalem,ISR",01/15/2023 18:00:00,51.2,51.2,51.2,39.9,65.07,,3.4,,305.0,,0.0,,,6.2,35.1,1017.1,,31.78,35.2187,"ירושלים, ישראל","ירושלים, ישראל",,Partially cloudy
91,"Jerusalem,ISR",01/15/2023 19:00:00,50.1,50.1,50.1,41.7,72.58,,5.4,,270.0,,0.0,,,6.2,53.0,1017.8,,31.78,35.2187,"ירושלים, ישראל","ירושלים, ישראל",,Partially cloudy
92,"Jerusalem,ISR",01/15/2023 20:00:00,50.1,50.1,50.1,41.7,72.6,,2.9,,277.0,,0.0,,,6.2,60.0,1018.2,,31.78,35.2187,"ירושלים, ישראל","ירושלים, ישראל",,Partially cloudy
93,"Jerusalem,ISR",01/15/2023 21:00:00,56.1,56.1,56.1,48.3,74.92,,6.1,,130.0,,0.0,,,6.1,50.0,1018.0,,31.78,35.2187,"ירושלים, ישראל","ירושלים, ישראל",,Partially cloudy
94,"Jerusalem,ISR",01/15/2023 22:00:00,55.9,55.9,55.9,46.7,71.14,,5.3,,133.0,,0.0,,,6.0,30.0,1017.0,,31.78,35.2187,"ירושלים, ישראל","ירושלים, ישראל",,Partially cloudy
95,"Jerusalem,ISR",01/15/2023 23:00:00,49.4,49.4,49.4,36.3,60.46,,3.8,,251.0,48.3,0.0,,,6.0,52.2,1017.4,Smoke Or Haze,31.78,35.2187,"ירושלים, ישראל","ירושלים, ישראל",,Partially cloudy
96,"Jerusalem,ISR",01/16/2023 00:00:00,48.5,48.5,48.5,35.9,61.64,,2.3,,250.0,,0.0,,,6.2,50.0,1016.9,,31.78,35.2187,"ירושלים, ישראל","ירושלים, ישראל",,Partially cloudy
97,"Jerusalem,ISR",01/16/2023 01:00:00,48.5,48.5,48.5,34.5,58.24,,3.4,,243.0,47.6,0.0,,,5.9,52.2,1016.2,Smoke Or Haze,31.78,35.2187,"ירושלים, ישראל","ירושלים, ישראל",,Partially cloudy
98,"Jerusalem,ISR",01/16/2023 02:00:00,47.6,47.6,47.6,34.8,61.08,,4.0,,183.0,46.1,0.0,,,5.9,57.4,1016.5,Smoke Or Haze,31.78,35.2187,"ירושלים, ישראל","ירושלים, ישראל",,Partially cloudy
99,"Jerusalem,ISR",01/16/2023 03:00:00,47.6,47.6,47.6,33.6,58.11,,2.5,,224.0,,0.0,,,5.9,42.6,1016.1,Smoke Or Haze,31.78,35.2187,"ירושלים, ישראל","ירושלים, ישראל",,Partially cloudy
100,"Jerusalem,ISR",01/16/2023 04:00:00,47.6,47.6,47.6,34.1,59.34,,3.1,,257.0,46.8,0.0,,,5.9,35.2,1016.0,Smoke Or Haze,31.78,35.2187,"ירושלים, ישראל","ירושלים, ישראל",,Partially cloudy
101,"Jerusalem,ISR",01/16/2023 05:00:00,47.6,47.6,47.6,36.6,65.6,,4.0,,265.0,46.1,0.0,,,5.9,0.0,1015.6,Mist,31.78,35.2187,"ירושלים, ישראל","ירושלים, ישראל",,Clear
102,"Jerusalem,ISR",01/16/2023 06:00:00,50.5,50.5,50.5,42.4,73.54,,3.0,,,,0.0,,,5.7,0.0,1016.0,Mist,31.78,35.2187,"ירושלים, ישראל","ירושלים, ישראל",,Clear
103,"Jerusalem,ISR",01/16/2023 07:00:00,47.4,47.4,47.4,39.3,73.35,,0.2,,174.0,,0.0,,,5.8,22.2,1016.0,Mist,31.78,35.2187,"ירושלים, ישראל","ירושלים, ישראל",,Clear
104,"Jerusalem,ISR",01/16/2023 08:00:00,50.3,50.3,50.3,41.3,71.13,,0.9,,161.0,,0.0,,,5.9,40.9,1016.6,Mist,31.78,35.2187,"ירושלים, ישראל","ירושלים, ישראל",,Partially cloudy
105,"Jerusalem,ISR",01/16/2023 09:00:00,55.9,55.9,55.9,45.5,68.1,,2.2,,70.0,,0.0,,,5.8,0.0,1016.0,Smoke Or Haze,31.78,35.2187,"ירושלים, ישראל","ירושלים, ישראל",,Clear
106,"Jerusalem,ISR",01/16/2023 10:00:00,54.6,54.6,54.6,36.8,50.93,,3.4,,171.0,,0.0,,,5.9,66.5,1016.8,Smoke Or Haze,31.78,35.2187,"ירושלים, ישראל","ירושלים, ישראל",,Partially cloudy
107,"Jerusalem,ISR",01/16/2023 11:00:00,55.5,55.5,55.5,35.4,46.56,,2.5,,138.0,,0.0,,,5.9,45.3,1016.2,Mist,31.78,35.2187,"ירושלים, ישראל","ירושלים, ישראל",,Partially cloudy
108,"Jerusalem,ISR",01/16/2023 12:00:00,55.5,55.5,55.5,37.7,51.03,,4.5,,272.0,,0.0,,,5.9,45.3,1015.1,Smoke Or Haze,31.78,35.2187,"ירושלים, ישראל","ירושלים, ישראל",,Partially cloudy
109,"Jerusalem,ISR",01/16/2023 13:00:00,63.1,63.1,63.1,40.8,43.91,,6.1,,260.0,,0.0,,,5.8,30.1,1014.0,Smoke Or Haze,31.78,35.2187,"ירושלים, ישראל","ירושלים, ישראל",,Partially cloudy
110,"Jerusalem,ISR",01/16/2023 14:00:00,54.6,54.6,54.6,37.5,52.32,,6.0,,284.0,,0.0,,,5.9,46.3,1014.3,Smoke Or Haze,31.78,35.2187,"ירושלים, ישראל","ירושלים, ישראל",,Partially cloudy
111,"Jerusalem,ISR",01/16/2023 15:00:00,53.0,53.0,53.0,37.2,54.75,,6.5,,331.0,,0.0,,,5.9,66.5,1015.0,Smoke Or Haze,31.78,35.2187,"ירושלים, ישראל","ירושלים, ישראל",,Partially cloudy
112,"Jerusalem,ISR",01/16/2023 16:00:00,63.3,63.3,63.3,45.5,52.28,,7.1,,270.0,,0.0,,,5.8,0.0,1015.0,Smoke Or Haze,31.78,35.2187,"ירושלים, ישראל","ירושלים, ישראל",,Clear
113,"Jerusalem,ISR",01/16/2023 17:00:00,50.3,50.3,50.3,38.4,63.54,,6.7,,312.0,,0.0,,,5.8,92.6,1016.0,Smoke Or Haze,31.78,35.2187,"ירושלים, ישראל","ירושלים, ישראל",,Overcast
114,"Jerusalem,ISR",01/16/2023 18:00:00,59.7,59.7,59.7,47.3,63.55,,2.8,,310.0,,0.0,,,5.8,90.0,1016.0,Smoke Or Haze,31.78,35.2187,"ירושלים, ישראל","ירושלים, ישראל",,Overcast
115,"Jerusalem,ISR",01/16/2023 19:00:00,49.4,49.4,49.4,40.8,71.97,,6.3,,313.0,46.8,0.0,,,5.9,51.0,1017.2,Smoke Or Haze,31.78,35.2187,"ירושלים, ישראל","ירושלים, ישראל",,Partially cloudy
116,"Jerusalem,ISR",01/16/2023 20:00:00,49.2,49.2,49.2,41.3,74.02,,6.9,,286.0,46.3,0.0,,,5.9,47.2,1018.2,Smoke Or Haze,31.78,35.2187,"ירושלים, ישראל","ירושלים, ישראל",,Partially cloudy
117,"Jerusalem,ISR",01/16/2023 21:00:00,48.5,48.5,48.5,42.0,78.2,,6.0,,284.0,45.9,0.0,,,5.5,79.2,1018.3,"Thunderstorm, Heavy Rain, Light Rain",31.78,35.2187,"ירושלים, ישראל","ירושלים, ישראל",,Overcast
118,"Jerusalem,ISR",01/16/2023 22:00:00,48.5,48.5,48.5,42.2,78.74,,6.5,,288.0,45.6,0.0,,,5.9,30.7,1019.0,Mist,31.78,35.2187,"ירושלים, ישראל","ירושלים, ישראל",,Partially cloudy
119,"Jerusalem,ISR",01/16/2023 23:00:00,48.3,48.3,48.3,42.2,79.29,,5.4,,286.0,46.0,0.0,,,5.9,42.7,1019.1,Mist,31.78,35.2187,"ירושלים, ישראל","ירושלים, ישראל",,Partially cloudy
120,"Jerusalem,ISR",01/17/2023 00:00:00,54.3,54.3,54.3,47.6,77.84,,5.4,,232.0,,0.0,,,5.8,78.3,1019.0,Mist,31.78,35.2187,"ירושלים, ישראל","ירושלים, ישראל",,Overcast
121,"Jerusalem,ISR",01/17/2023 01:00:00,46.7,46.7,46.7,41.7,82.51,,1.4,,247.0,,0.0,,,5.9,45.5,1019.9,Mist,31.78,35.2187,"ירושלים, ישראל","ירושלים, ישראל",,Partially cloudy
122,"Jerusalem,ISR",01/17/2023 02:00:00,46.5,46.5,46.5,41.1,81.39,,3.1,,257.0,45.6,0.0,,,5.9,30.9,1020.0,Mist,31.78,35.2187,"ירושלים, ישראל","ירושלים, ישראל",,Partially cloudy
123,"Jerusalem,ISR",01/17/2023 03:00:00,46.5,46.5,46.5,39.9,77.52,,2.0,,291.0,,0.0,,,5.9,45.5,1020.0,Mist,31.78,35.2187,"ירושלים, ישראל","ירושלים, ישראל",,Partially cloudy
124,"Jerusalem,ISR",01/17/2023 04:00:00,47.4,47.4,47.4,39.0,72.38,,3.8,,285.0,46.0,0.0,,,5.9,33.2,1020.3,Mist,31.78,35.2187,"ירושלים, ישראל","ירושלים, ישראל",,Partially cloudy
125,"Jerusalem,ISR",01/17/2023 05:00:00,47.6,47.6,47.6,39.9,74.47,,4.7,,269.0,45.6,0.0,,,5.9,38.1,1021.0,Mist,31.78,35.2187,"ירושלים, ישראל","ירושלים, ישראל",,Partially cloudy
126,"Jerusalem,ISR",01/17/2023 06:00:00,50.9,50.9,50.9,49.1,93.53,,2.0,,,,0.0,,,5.8,24.1,1021.0,Mist,31.78,35.2187,"ירושלים, ישראל","ירושלים, ישראל",,Clear
127,"Jerusalem,ISR",01/17/2023 07:00:00,47.4,47.4,47.4,41.7,80.34,,2.7,,290.0,,0.0,,,5.8,23.2,1022.0,Mist,31.78,35.2187,"ירושלים, ישראל","ירושלים, ישראל",,Clear
128,"Jerusalem,ISR",01/17/2023 08:00:00,50.1,50.1,50.1,42.2,74.18,,2.0,,153.0,,0.0,,,5.8,30.0,1023.1,Mist,31.78,35.2187,"ירושלים, ישראל","ירושלים, ישראל",,Partially cloudy
129,"Jerusalem,ISR",01/17/2023 09:00:00,56.1,56.1,56.1,47.8,73.5,,3.1,,60.0,,0.0,,,5.7,0.0,1024.0,Mist,31.78,35.2187,"ירושלים, ישראל","ירושלים, ישראל",,Clear
130,"Jerusalem,ISR",01/17/2023 10:00:00,54.6,54.6,54.6,40.2,58.21,,0.9,,163.0,,0.0,,,5.8,13.0,1023.1,Smoke Or Haze,31.78,35.2187,"ירושלים, ישראל","ירושלים, ישראל",,Clear
131,"Jerusalem,ISR",01/17/2023 11:00:00,55.7,55.7,55.7,42.5,61.2,,4.0,,101.0,,0.0,,,5.9,15.6,1023.0,Smoke Or Haze,31.78,35.2187,"ירושלים, ישראל","ירושלים, ישראל",,Clear
132,"Jerusalem,ISR",01/17/2023 12:00:00,57.5,57.5,57.5,43.1,58.54,,2.7,,130.0,,0.0,,,5.9,23.5,1021.9,Smoke Or Haze,31.78,35.2187,"ירושלים, ישראל","ירושלים, ישראל",,Clear
133,"Jerusalem,ISR",01/17/2023 13:00:00,58.2,58.2,58.2,42.2,55.13,,3.4,,133.0,,0.0,,,5.9,26.0,1021.0,Smoke Or Haze,31.78,35.2187,"ירושלים, ישראל","ירושלים, ישראל",,Partially cloudy
134,"Jerusalem,ISR",01/17/2023 14:00:00,59.3,59.3,59.3,42.0,52.68,,4.5,,121.0,,0.0,,,5.8,25.9,1021.1,Smoke Or Haze,31.78,35.2187,"ירושלים, ישראל","ירושלים, ישראל",,Partially cloudy
135,"Jerusalem,ISR",01/17/2023 15:00:00,55.5,55.5,55.5,42.2,60.74,,2.5,,271.0,,0.0,,,5.8,25.0,1021.8,Smoke Or Haze,31.78,35.2187,"ירושלים, ישראל","ירושלים, ישראל",,Clear
136,"Jerusalem,ISR",01/17/2023 16:00:00,63.7,63.7,63.7,46.5,53.5,,7.0,,283.0,,0.0,,,5.9,35.2,1022.0,Smoke Or Haze,31.78,35.2187,"ירושלים, ישראל","ירושלים, ישראל",,Partially cloudy
137,"Jerusalem,ISR",01/17/2023 17:00:00,51.2,51.2,51.2,42.0,70.67,,6.3,,325.0,,0.0,,,5.9,43.0,1022.3,Smoke Or Haze,31.78,35.2187,"ירושלים, ישראל","ירושלים, ישראל",,Partially cloudy
138,"Jerusalem,ISR",01/17/2023 18:00:00,50.1,50.1,50.1,41.3,71.57,,5.1,,317.0,,0.0,,,5.9,20.4,1023.0,Smoke Or Haze,31.78,35.2187,"ירושלים, ישראל","ירושלים, ישראל",,Clear
139,"Jerusalem,ISR",01/17/2023 19:00:00,49.2,49.2,49.2,41.3,74.02,,4.2,,316.0,47.8,0.0,,,6.0,7.4,1023.2,,31.78,35.2187,"ירושלים, ישראל","ירושלים, ישראל",,Clear
140,"Jerusalem,ISR",01/17/2023 20:00:00,48.5,48.5,48.5,41.3,76.06,,3.8,,350.0,47.3,0.0,,,6.0,0.0,1023.5,Smoke Or Haze,31.78,35.2187,"ירושלים, ישראל","ירושלים, ישראל",,Clear
141,"Jerusalem,ISR",01/17/2023 21:00:00,54.8,54.8,54.8,47.8,77.25,,3.0,,,,0.0,,,6.2,,1024.0,,31.78,35.2187,"ירושלים, ישראל","ירושלים, ישראל",,Clear
142,"Jerusalem,ISR",01/17/2023 22:00:00,49.2,49.2,49.2,41.7,75.09,,2.5,,47.0,,0.0,,,6.0,0.0,1024.0,,31.78,35.2187,"ירושלים, ישראל","ירושלים, ישראל",,Clear
143,"Jerusalem,ISR",01/17/2023 23:00:00,48.5,48.5,48.5,42.2,78.76,,2.9,,10.0,,0.0,,,6.0,0.0,1024.1,Mist,31.78,35.2187,"ירושלים, ישראל","ירושלים, ישראל",,Clear
144,"Jerusalem,ISR",01/18/2023 00:00:00,48.5,48.5,48.5,42.2,78.75,,0.9,,15.0,,0.0,,,6.0,0.0,1023.9,,31.78,35.2187,"ירושלים, ישראל","ירושלים, ישראל",,Clear
145,"Jerusalem,ISR",01/18/2023 01:00:00,48.5,48.5,48.5,42.2,78.77,,1.8,,97.0,,0.0,,,6.0,0.0,1023.3,,31.78,35.2187,"ירושלים, ישראל","ירושלים, ישראל",,Clear
146,"Jerusalem,ISR",01/18/2023 02:00:00,48.3,48.3,48.3,41.6,77.68,,0.9,,110.0,,0.0,,,6.0,0.0,1023.4,Mist,31.78,35.2187,"ירושלים, ישראל","ירושלים, ישראל",,Clear
147,"Jerusalem,ISR",01/18/2023 03:00:00,48.3,48.3,48.3,42.0,78.77,,2.2,,68.0,,0.0,,,6.0,0.0,1023.2,,31.78,35.2187,"ירושלים, ישראל","ירושלים, ישראל",,Clear
148,"Jerusalem,ISR",01/18/2023 04:00:00,48.3,48.3,48.3,41.6,77.69,,3.8,,88.0,47.0,0.0,,,5.9,0.0,1023.0,Mist,31.78,35.2187,"ירושלים, ישראל","ירושלים, ישראל",,Clear
149,"Jerusalem,ISR",01/18/2023 05:00:00,47.6,47.6,47.6,41.3,78.71,,4.2,,71.0,45.9,0.0,,,5.9,,1023.3,Mist,31.78,35.2187,"ירושלים, ישראל","ירושלים, ישראל",,Clear
150,"Jerusalem,ISR",01/18/2023 06:00:00,47.6,47.6,47.6,40.7,77.09,,4.7,,59.0,45.6,0.0,,,5.9,0.0,1023.3,Mist,31.78,35.2187,"ירושלים, ישראל","ירושלים, ישראל",,Clear
151,"Jerusalem,ISR",01/18/2023 07:00:00,48.3,48.3,48.3,40.7,75.04,,6.0,,61.0,45.6,0.0,,,5.0,4.1,1024.1,Mist,31.78,35.2187,"ירושלים, ישראל","ירושלים, ישראל",,Clear
152,"Jerusalem,ISR",01/18/2023 08:00:00,51.2,51.2,51.2,41.1,68.37,,4.5,,70.0,,0.0,,,5.8,,1024.4,Mist,31.78,35.2187,"ירושלים, ישראל","ירושלים, ישראל",,Clear
153,"Jerusalem,ISR",01/18/2023 09:00:00,54.6,54.6,54.6,40.4,58.65,,4.0,,77.0,,0.0,,,5.8,0.0,1024.9,Mist,31.78,35.2187,"ירושלים, ישראל","ירושלים, ישראל",,Clear
154,"Jerusalem,ISR",01/18/2023 10:00:00,57.5,57.5,57.5,39.5,50.99,,2.9,,122.0,,0.0,,,6.0,0.0,1024.2,,31.78,35.2187,"ירושלים, ישראל","ירושלים, ישראל",,Clear
155,"Jerusalem,ISR",01/18/2023 11:00:00,59.7,59.7,59.7,38.4,45.23,,4.5,,120.0,,0.0,,,6.1,,1024.1,Smoke Or Haze,31.78,35.2187,"ירושלים, ישראל","ירושלים, ישראל",,Clear
156,"Jerusalem,ISR",01/18/2023 12:00:00,61.1,61.1,61.1,36.3,39.47,,3.8,,127.0,,0.0,,,6.2,7.8,1022.8,,31.78,35.2187,"ירושלים, ישראל","ירושלים, ישראל",,Clear
157,"Jerusalem,ISR",01/18/2023 13:00:00,62.7,62.7,62.7,35.9,36.76,,4.0,,116.0,,0.0,,,6.2,7.8,1022.0,,31.78,35.2187,"ירושלים, ישראל","ירושלים, ישראל",,Clear
158,"Jerusalem,ISR",01/18/2023 14:00:00,62.4,62.4,62.4,35.9,37.26,,4.5,,99.0,,0.0,,,6.0,22.6,1022.2,Smoke Or Haze,31.78,35.2187,"ירושלים, ישראל","ירושלים, ישראל",,Clear
159,"Jerusalem,ISR",01/18/2023 15:00:00,60.2,60.2,60.2,35.4,39.38,,5.6,,80.0,,0.0,,,6.0,20.5,1022.0,,31.78,35.2187,"ירושלים, ישראל","ירושלים, ישראל",,Clear
160,"Jerusalem,ISR",01/18/2023 16:00:00,59.3,59.3,59.3,33.2,37.32,,4.5,,65.0,,0.0,,,6.0,0.0,1022.0,,31.78,35.2187,"ירושלים, ישראל","ירושלים, ישראל",,Clear
161,"Jerusalem,ISR",01/18/2023 17:00:00,57.3,57.3,57.3,32.7,39.22,,2.5,,84.0,,0.0,,,5.9,0.0,1022.3,Smoke Or Haze,31.78,35.2187,"ירושלים, ישראל","ירושלים, ישראל",,Clear
162,"Jerusalem,ISR",01/18/2023 18:00:00,55.5,55.5,55.5,32.3,41.25,,2.2,,55.0,,0.0,,,5.9,0.0,1022.9,Smoke Or Haze,31.78,35.2187,"ירושלים, ישראל","ירושלים, ישראל",,Clear
163,"Jerusalem,ISR",01/18/2023 19:00:00,54.6,54.6,54.6,32.3,42.64,,3.6,,76.0,,0.0,,,6.0,0.0,1023.1,,31.78,35.2187,"ירושלים, ישראל","ירושלים, ישראל",,Clear
164,"Jerusalem,ISR",01/18/2023 20:00:00,53.0,53.0,53.0,34.5,49.31,,4.9,,64.0,,0.0,,,6.0,0.0,1023.5,Smoke Or Haze,31.78,35.2187,"ירושלים, ישראל","ירושלים, ישראל",,Clear
165,"Jerusalem,ISR",01/18/2023 21:00:00,53.0,53.0,53.0,35.4,51.12,,5.1,,69.0,,0.0,,,6.0,0.0,1023.9,,31.78,35.2187,"ירושלים, ישראל","ירושלים, ישראל",,Clear
166,"Jerusalem,ISR",01/18/2023 22:00:00,52.8,52.8,52.8,34.8,50.37,,4.7,,87.0,,0.0,,,6.0,0.0,1023.9,,31.78,35.2187,"ירושלים, ישראל","ירושלים, ישראל",,Clear
167,"Jerusalem,ISR",01/18/2023 23:00:00,52.1,52.1,52.1,34.8,51.69,,3.6,,81.0,,0.0,,,6.0,0.0,1024.0,Smoke Or Haze,31.78,35.2187,"ירושלים, ישראל","ירושלים, ישראל",,Clear
168,"Jerusalem,ISR",01/19/2023 00:00:00,51.2,51.2,51.2,35.0,53.81,,4.2,,63.0,,0.0,,,6.0,0.0,1023.1,,31.78,35.2187,"ירושלים, ישראל","ירושלים, ישראל",,Clear
169,"Jerusalem,ISR",01/19/2023 01:00:00,50.3,50.3,50.3,35.0,55.64,,4.2,,60.0,,0.0,,,6.0,0.0,1023.0,,31.78,35.2187,"ירושלים, ישראל","ירושלים, ישראל",,Clear
170,"Jerusalem,ISR",01/19/2023 02:00:00,49.7,49.7,49.7,35.4,57.56,,4.5,,50.0,48.2,0.0,,,6.0,0.0,1022.5,Smoke Or Haze,31.78,35.2187,"ירושלים, ישראל","ירושלים, ישראל",,Clear
171,"Jerusalem,ISR",01/19/2023 03:00:00,49.2,49.2,49.2,35.0,57.93,,4.2,,57.0,47.8,0.0,,,6.0,0.0,1022.1,,31.78,35.2187,"ירושלים, ישראל","ירושלים, ישראל",,Clear
172,"Jerusalem,ISR",01/19/2023 04:00:00,48.5,48.5,48.5,34.8,59.07,,5.1,,59.0,46.3,0.0,,,6.0,0.0,1021.4,,31.78,35.2187,"ירושלים, ישראל","ירושלים, ישראל",,Clear
173,"Jerusalem,ISR",01/19/2023 05:00:00,48.3,48.3,48.3,34.5,58.63,,4.9,,62.0,46.3,0.0,,,5.9,0.0,1022.4,Smoke Or Haze,31.78,35.2187,"ירושלים, ישראל","ירושלים, ישראל",,Clear
174,"Jerusalem,ISR",01/19/2023 06:00:00,47.6,47.6,47.6,34.1,59.39,,4.7,,65.0,45.6,0.0,,,5.8,0.0,1022.2,Mist,31.78,35.2187,"ירושלים, ישראל","ירושלים, ישראל",,Clear
175,"Jerusalem,ISR",01/19/2023 07:00:00,48.3,48.3,48.3,33.2,55.77,,3.6,,79.0,47.2,0.0,,,5.8,0.0,1022.3,Mist,31.78,35.2187,"ירושלים, ישראל","ירושלים, ישראל",,Clear
176,"Jerusalem,ISR",01/19/2023 08:00:00,51.9,51.9,51.9,33.9,50.21,,5.1,,85.0,,0.0,,,5.8,0.0,1023.4,Smoke Or Haze,31.78,35.2187,"ירושלים, ישראל","ירושלים, ישראל",,Clear
177,"Jerusalem,ISR",01/19/2023 09:00:00,53.9,53.9,53.9,33.6,45.99,,6.2,,87.0,,0.0,,,5.9,0.0,1023.0,Smoke Or Haze,31.78,35.2187,"ירושלים, ישראל","ירושלים, ישראל",,Clear
178,"Jerusalem,ISR",01/19/2023 10:00:00,56.4,56.4,56.4,32.3,39.86,,5.8,,110.0,,0.0,,,5.9,0.0,1022.1,Smoke Or Haze,31.78,35.2187,"ירושלים, ישראל","ירושלים, ישראל",,Clear
179,"Jerusalem,ISR",01/19/2023 11:00:00,56.6,56.6,56.6,31.7,38.7,,8.3,,95.0,,0.0,,,5.9,0.0,1021.7,Smoke Or Haze,31.78,35.2187,"ירושלים, ישראל","ירושלים, ישראל",,Clear
180,"Jerusalem,ISR",01/19/2023 12:00:00,58.4,58.4,58.4,30.8,34.97,,5.8,,101.0,,0.0,,,6.2,0.0,1020.6,,31.78,35.2187,"ירושלים, ישראל","ירושלים, ישראל",,Clear
181,"Jerusalem,ISR",01/19/2023 13:00:00,58.4,58.4,58.4,29.9,33.71,,7.8,,96.0,,0.0,,,6.2,0.0,1019.6,,31.78,35.2187,"ירושלים, ישראל","ירושלים, ישראל",,Clear
182,"Jerusalem,ISR",01/19/2023 14:00:00,61.1,61.1,61.1,29.0,29.52,,8.1,,123.0,,0.0,,,6.2,0.0,1019.2,Smoke Or Haze,31.78,35.2187,"ירושלים, ישראל","ירושלים, ישראל",,Clear
183,"Jerusalem,ISR",01/19/2023 15:00:00,60.0,60.0,60.0,29.4,31.13,,6.3,,107.0,,0.0,,,6.2,0.0,1018.0,,31.78,35.2187,"ירושלים, ישראל","ירושלים, ישראל",,Clear
184,"Jerusalem,ISR",01/19/2023 16:00:00,60.2,60.2,60.2,29.0,30.49,,5.8,,106.0,,0.0,,,6.2,0.0,1017.9,,31.78,35.2187,"ירושלים, ישראל","ירושלים, ישראל",,Clear
185,"Jerusalem,ISR",01/19/2023 17:00:00,56.6,56.6,56.6,31.4,38.14,,6.7,,94.0,,0.0,,,6.2,0.0,1018.6,,31.78,35.2187,"ירושלים, ישראל","ירושלים, ישראל",,Clear
186,"Jerusalem,ISR",01/19/2023 18:00:00,55.7,55.7,55.7,30.9,38.58,,5.8,,92.0,,0.0,,,6.2,0.0,1018.9,,31.78,35.2187,"ירושלים, ישראל","ירושלים, ישראל",,Clear
187,"Jerusalem,ISR",01/19/2023 19:00:00,54.8,54.8,54.8,31.4,40.81,,6.2,,93.0,,0.0,,,6.2,0.0,1018.9,,31.78,35.2187,"ירושלים, ישראל","ירושלים, ישראל",,Clear
188,"Jerusalem,ISR",01/19/2023 20:00:00,54.6,54.6,54.6,31.8,41.67,,5.6,,95.0,,0.0,,,6.2,0.0,1019.5,,31.78,35.2187,"ירושלים, ישראל","ירושלים, ישראל",,Clear
189,"Jerusalem,ISR",01/19/2023 21:00:00,53.7,53.7,53.7,31.8,43.07,,5.4,,100.0,,0.0,,,6.2,0.0,1018.9,,31.78,35.2187,"ירושלים, ישראל","ירושלים, ישראל",,Clear
190,"Jerusalem,ISR",01/19/2023 22:00:00,52.8,52.8,52.8,32.1,45.17,,6.7,,89.0,,0.0,,,6.2,0.0,1018.2,,31.78,35.2187,"ירושלים, ישראל","ירושלים, ישראל",,Clear
191,"Jerusalem,ISR",01/19/2023 23:00:00,51.9,51.9,51.9,31.8,46.02,,5.4,,76.0,,0.0,,,6.2,0.0,1018.4,,31.78,35.2187,"ירושלים, ישראל","ירושלים, ישראל",,Clear
192,"Jerusalem,ISR",01/20/2023 00:00:00,51.2,51.2,51.2,33.0,49.73,,5.6,,84.0,,0.0,,,6.2,0.0,1017.2,,31.78,35.2187,"ירושלים, ישראל","ירושלים, ישראל",,Clear
193,"Jerusalem,ISR",01/20/2023 01:00:00,50.3,50.3,50.3,33.0,51.39,,5.1,,92.0,,0.0,,,6.2,0.0,1017.1,,31.78,35.2187,"ירושלים, ישראל","ירושלים, ישראל",,Clear
194,"Jerusalem,ISR",01/20/2023 02:00:00,50.1,50.1,50.1,32.3,50.27,,5.8,,93.0,,0.0,,,6.2,0.0,1016.7,,31.78,35.2187,"ירושלים, ישראל","ירושלים, ישראל",,Clear
195,"Jerusalem,ISR",01/20/2023 03:00:00,49.4,49.4,49.4,32.1,51.26,,4.9,,87.0,47.5,0.0,,,6.2,0.0,1016.3,,31.78,35.2187,"ירושלים, ישראל","ירושלים, ישראל",,Clear
196,"Jerusalem,ISR",01/20/2023 04:00:00,49.2,49.2,49.2,30.9,49.06,,3.1,,94.0,48.6,0.0,,,6.2,0.0,1016.1,,31.78,35.2187,"ירושלים, ישראל","ירושלים, ישראל",,Clear
197,"Jerusalem,ISR",01/20/2023 05:00:00,49.2,49.2,49.2,30.5,48.33,,2.2,,100.0,,0.0,,,6.2,,1016.4,,31.78,35.2187,"ירושלים, ישראל","ירושלים, ישראל",,Clear
198,"Jerusalem,ISR",01/20/2023 06:00:00,48.3,48.3,48.3,29.6,48.17,,5.6,,69.0,45.9,0.0,,,6.2,0.0,1016.0,,31.78,35.2187,"ירושלים, ישראל","ירושלים, ישראל",,Clear
199,"Jerusalem,ISR",01/20/2023 07:00:00,48.3,48.3,48.3,28.7,46.44,,4.2,,75.0,46.7,0.0,,,6.2,0.0,1016.0,,31.78,35.2187,"ירושלים, ישראל","ירושלים, ישראל",,Clear
200,"Jerusalem,ISR",01/20/2023 08:00:00,51.9,51.9,51.9,28.7,40.65,,3.8,,67.0,,0.0,,,6.2,0.0,1016.6,,31.78,35.2187,"ירושלים, ישראל","ירושלים, ישראל",,Clear
201,"Jerusalem,ISR",01/20/2023 09:00:00,56.6,56.6,56.6,28.2,33.49,,3.4,,88.0,,0.0,,,6.2,0.0,1016.1,,31.78,35.2187,"ירושלים, ישראל","ירושלים, ישראל",,Clear
202,"Jerusalem,ISR",01/20/2023 10:00:00,59.3,59.3,59.3,27.8,29.93,,3.8,,93.0,,0.0,,,6.2,0.0,1015.9,,31.78,35.2187,"ירושלים, ישראל","ירושלים, ישראל",,Clear
203,"Jerusalem,ISR",01/20/2023 11:00:00,61.8,61.8,61.8,29.0,28.79,,5.4,,130.0,,0.0,,,6.2,0.0,1015.5,,31.78,35.2187,"ירושלים, ישראל","ירושלים, ישראל",,Clear
204,"Jerusalem,ISR",01/20/2023 12:00:00,62.9,62.9,62.9,29.4,28.12,,3.8,,114.0,,0.0,,,6.2,0.0,1014.8,,31.78,35.2187,"ירושלים, ישראל","ירושלים, ישראל",,Clear
205,"Jerusalem,ISR",01/20/2023 13:00:00,64.7,64.7,64.7,29.6,26.65,,5.4,,123.0,,0.0,,,6.2,0.0,1014.0,,31.78,35.2187,"ירושלים, ישראל","ירושלים, ישראל",,Clear
206,"Jerusalem,ISR",01/20/2023 14:00:00,63.8,63.8,63.8,29.6,27.48,,4.5,,109.0,,0.0,,,6.1,0.0,1014.3,Smoke Or Haze,31.78,35.2187,"ירושלים, ישראל","ירושלים, ישראל",,Clear
207,"Jerusalem,ISR",01/20/2023 15:00:00,63.8,63.8,63.8,30.0,27.89,,3.6,,74.0,,0.0,,,6.0,0.0,1014.1,,31.78,35.2187,"ירושלים, ישראל","ירושלים, ישראל",,Clear
208,"Jerusalem,ISR",01/20/2023 16:00:00,64.5,64.5,64.5,30.3,27.63,,2.5,,69.0,,0.0,,,6.0,0.0,1014.8,,31.78,35.2187,"ירושלים, ישראל","ירושלים, ישראל",,Clear
209,"Jerusalem,ISR",01/20/2023 17:00:00,60.9,60.9,60.9,32.7,34.44,,2.9,,330.0,,0.0,,,6.0,0.0,1015.2,Smoke Or Haze,31.78,35.2187,"ירושלים, ישראל","ירושלים, ישראל",,Clear
210,"Jerusalem,ISR",01/20/2023 18:00:00,57.5,57.5,57.5,33.2,39.78,,1.8,,315.0,,0.0,,,6.0,0.0,1015.0,,31.78,35.2187,"ירושלים, ישראל","ירושלים, ישראל",,Clear
211,"Jerusalem,ISR",01/20/2023 19:00:00,56.6,56.6,56.6,33.0,40.83,,2.0,,353.0,,0.0,,,6.0,0.0,1015.1,,31.78,35.2187,"ירושלים, ישראל","ירושלים, ישראל",,Clear
212,"Jerusalem,ISR",01/20/2023 20:00:00,56.4,56.4,56.4,31.2,38.24,,2.2,,64.0,,0.0,,,6.2,0.0,1016.2,,31.78,35.2187,"ירושלים, ישראל","ירושלים, ישראל",,Clear
213,"Jerusalem,ISR",01/20/2023 21:00:00,55.5,55.5,55.5,33.0,42.48,,2.2,,42.0,,0.0,,,6.2,0.0,1016.2,,31.78,35.2187,"ירושלים, ישראל","ירושלים, ישראל",,Clear
214,"Jerusalem,ISR",01/20/2023 22:00:00,55.5,55.5,55.5,33.2,42.79,,4.2,,74.0,,0.0,,,6.2,0.0,1016.2,,31.78,35.2187,"ירושלים, ישראל","ירושלים, ישראל",,Clear
215,"Jerusalem,ISR",01/20/2023 23:00:00,54.6,54.6,54.6,33.6,44.85,,2.0,,53.0,,0.0,,,6.2,0.0,1016.4,,31.78,35.2187,"ירושלים, ישראל","ירושלים, ישראל",,Clear
216,"Jerusalem,ISR",01/21/2023 00:00:00,53.8,53.8,53.8,33.6,46.05,,2.0,,332.0,,0.0,,,6.2,0.0,1016.3,,31.78,35.2187,"ירושלים, ישראל","ירושלים, ישראל",,Clear
217,"Jerusalem,ISR",01/21/2023 01:00:00,53.7,53.7,53.7,33.6,46.34,,1.1,,98.0,,0.0,,,6.2,0.0,1016.3,,31.78,35.2187,"ירושלים, ישראל","ירושלים, ישראל",,Clear
218,"Jerusalem,ISR",01/21/2023 02:00:00,52.9,52.9,52.9,33.6,47.59,,2.2,,50.0,,0.0,,,6.2,,1017.0,,31.78,35.2187,"ירושלים, ישראל","ירושלים, ישראל",,Clear
219,"Jerusalem,ISR",01/21/2023 03:00:00,52.9,52.9,52.9,33.9,48.27,,4.9,,284.0,,0.0,,,6.2,0.0,1017.1,,31.78,35.2187,"ירושלים, ישראל","ירושלים, ישראל",,Clear
220,"Jerusalem,ISR",01/21/2023 04:00:00,47.8,47.8,47.8,40.6,75.99,,3.0,,,,0.0,,,6.2,,1017.0,,31.78,35.2187,"ירושלים, ישראל","ירושלים, ישראל",,Clear
221,"Jerusalem,ISR",01/21/2023 05:00:00,52.1,52.1,52.1,32.1,46.42,,6.5,,281.0,,0.0,,,6.0,0.0,1017.2,Smoke Or Haze,31.78,35.2187,"ירושלים, ישראל","ירושלים, ישראל",,Clear
222,"Jerusalem,ISR",01/21/2023 06:00:00,51.9,51.9,51.9,32.7,47.76,,3.4,,301.0,,0.0,,,6.0,0.0,1017.2,,31.78,35.2187,"ירושלים, ישראל","ירושלים, ישראל",,Clear
223,"Jerusalem,ISR",01/21/2023 07:00:00,51.1,51.1,51.1,33.2,50.11,,2.5,,341.0,,0.0,,,5.9,0.0,1017.3,Smoke Or Haze,31.78,35.2187,"ירושלים, ישראל","ירושלים, ישראל",,Clear
224,"Jerusalem,ISR",01/21/2023 08:00:00,55.5,55.5,55.5,34.1,44.36,,1.3,,329.0,,0.0,,,6.1,10.0,1018.3,Smoke Or Haze,31.78,35.2187,"ירושלים, ישראל","ירושלים, ישראל",,Clear
225,"Jerusalem,ISR",01/21/2023 09:00:00,60.0,60.0,60.0,34.5,38.26,,2.7,,7.0,,0.0,,,5.9,0.0,1018.3,Smoke Or Haze,31.78,35.2187,"ירושלים, ישראל","ירושלים, ישראל",,Clear
226,"Jerusalem,ISR",01/21/2023 10:00:00,62.0,62.0,62.0,34.8,36.19,,2.7,,7.0,,0.0,,,5.9,0.0,1018.3,Smoke Or Haze,31.78,35.2187,"ירושלים, ישראל","ירושלים, ישראל",,Clear
227,"Jerusalem,ISR",01/21/2023 11:00:00,64.7,64.7,64.7,35.9,34.38,,2.2,,130.0,,0.0,,,6.3,,1018.1,Smoke Or Haze,31.78,35.2187,"ירושלים, ישראל","ירושלים, ישראל",,Clear
228,"Jerusalem,ISR",01/21/2023 12:00:00,65.4,65.4,65.4,36.3,33.99,,3.1,,67.0,,0.0,,,6.7,7.4,1017.1,Smoke Or Haze,31.78,35.2187,"ירושלים, ישראל","ירושלים, ישראל",,Clear
229,"Jerusalem,ISR",01/21/2023 13:00:00,65.6,65.6,65.6,37.2,35.0,,3.6,,67.0,,0.0,,,6.7,7.4,1016.3,Smoke Or Haze,31.78,35.2187,"ירושלים, ישראל","ירושלים, ישראל",,Clear
230,"Jerusalem,ISR",01/21/2023 14:00:00,65.6,65.6,65.6,38.5,36.78,,2.3,,89.0,,0.0,,,6.7,10.0,1016.3,Smoke Or Haze,31.78,35.2187,"ירושלים, ישראל","ירושלים, ישראל",,Clear
231,"Jerusalem,ISR",01/21/2023 15:00:00,63.8,63.8,63.8,43.5,47.56,,4.0,,310.0,,0.0,,,5.9,18.0,1016.2,Smoke Or Haze,31.78,35.2187,"ירושלים, ישראל","ירושלים, ישראל",,Clear
232,"Jerusalem,ISR",01/21/2023 16:00:00,65.8,65.8,65.8,53.3,63.98,,8.1,,290.0,,0.0,,,5.8,0.0,1017.0,Smoke Or Haze,31.78,35.2187,"ירושלים, ישראל","ירושלים, ישראל",,Clear
233,"Jerusalem,ISR",01/21/2023 17:00:00,57.5,57.5,57.5,44.4,61.51,,5.4,,313.0,,0.0,,,6.3,0.0,1017.1,Smoke Or Haze,31.78,35.2187,"ירושלים, ישראל","ירושלים, ישראל",,Clear
234,"Jerusalem,ISR",01/21/2023 18:00:00,54.8,54.8,54.8,47.6,76.62,,5.1,,344.0,,0.0,,,5.9,0.0,1017.1,Smoke Or Haze,31.78,35.2187,"ירושלים, ישראל","ירושלים, ישראל",,Clear
235,"Jerusalem,ISR",01/21/2023 19:00:00,55.5,55.5,55.5,46.5,71.69,,4.7,,31.0,,0.0,,,5.9,0.0,1017.3,Smoke Or Haze,31.78,35.2187,"ירושלים, ישראל","ירושלים, ישראל",,Clear
236,"Jerusalem,ISR",01/21/2023 20:00:00,56.4,56.4,56.4,42.0,58.52,,5.4,,34.0,,0.0,,,5.9,0.0,1017.6,Smoke Or Haze,31.78,35.2187,"ירושלים, ישראל","ירושלים, ישראל",,Clear
237,"Jerusalem,ISR",01/21/2023 21:00:00,56.6,56.6,56.6,50.1,78.88,,2.0,,,,0.0,,,5.8,0.0,1018.0,Smoke Or Haze,31.78,35.2187,"ירושלים, ישראל","ירושלים, ישראל",,Clear
238,"Jerusalem,ISR",01/21/2023 22:00:00,55.7,55.7,55.7,37.7,50.82,,3.4,,27.0,,0.0,,,5.9,0.0,1018.1,Smoke Or Haze,31.78,35.2187,"ירושלים, ישראל","ירושלים, ישראל",,Clear
239,"Jerusalem,ISR",01/21/2023 23:00:00,55.5,55.5,55.5,36.8,49.38,,3.4,,33.0,,0.0,,,5.4,0.0,1018.1,"Mist, Smoke Or Haze",31.78,35.2187,"ירושלים, ישראל","ירושלים, ישראל",,Clear
240,"Jerusalem,ISR",01/22/2023 00:00:00,54.8,54.8,54.8,50.1,84.2,,3.0,,,,0.0,,,4.7,0.0,1018.0,Smoke Or Haze,31.78,35.2187,"ירושלים, ישראל","ירושלים, ישראל",,Clear
241,"Jerusalem,ISR",01/22/2023 01:00:00,51.8,51.8,51.8,48.9,90.01,,3.3,,107.0,,0.0,,,5.2,0.0,1018.0,Mist,31.78,35.2187,"ירושלים, ישראל","ירושלים, ישראל",,Clear
242,"Jerusalem,ISR",01/22/2023 02:00:00,53.9,53.9,53.9,36.3,51.27,,4.0,,66.0,,0.0,,,4.4,0.0,1018.0,"Mist, Smoke Or Haze",31.78,35.2187,"ירושלים, ישראל","ירושלים, ישראל",,Clear
243,"Jerusalem,ISR",01/22/2023 03:00:00,53.8,53.8,53.8,35.4,49.5,,3.4,,52.0,,0.0,,,4.0,0.0,1017.3,"Mist, Smoke Or Haze",31.78,35.2187,"ירושלים, ישראל","ירושלים, ישראל",,Clear
244,"Jerusalem,ISR",01/22/2023 04:00:00,54.6,54.6,54.6,35.9,49.25,,4.0,,81.0,,0.0,,,3.4,0.0,1017.2,"Mist, Smoke Or Haze",31.78,35.2187,"ירושלים, ישראל","ירושלים, ישראל",,Clear
245,"Jerusalem,ISR",01/22/2023 05:00:00,53.7,53.7,53.7,36.8,52.73,,3.1,,86.0,,0.0,,,3.8,0.0,1017.5,Mist,31.78,35.2187,"ירושלים, ישראל","ירושלים, ישראל",,Clear
246,"Jerusalem,ISR",01/22/2023 06:00:00,52.9,52.9,52.9,35.9,52.25,,2.9,,77.0,,0.0,,,4.4,3.9,1017.3,Mist,31.78,35.2187,"ירושלים, ישראל","ירושלים, ישראל",,Clear
247,"Jerusalem,ISR",01/22/2023 07:00:00,52.8,52.8,52.8,36.8,54.49,,3.6,,109.0,,0.0,,,4.3,0.0,1018.0,Mist,31.78,35.2187,"ירושלים, ישראל","ירושלים, ישראל",,Clear
248,"Jerusalem,ISR",01/22/2023 08:00:00,56.5,56.5,56.5,38.1,49.89,,3.1,,124.0,,0.0,,,5.1,0.0,1019.1,Smoke Or Haze,31.78,35.2187,"ירושלים, ישראל","ירושלים, ישראל",,Clear
249,"Jerusalem,ISR",01/22/2023 09:00:00,60.0,60.0,60.0,38.4,44.77,,2.5,,115.0,,0.0,,,5.5,53.1,1019.2,Smoke Or Haze,31.78,35.2187,"ירושלים, ישראל","ירושלים, ישראל",,Partially cloudy
250,"Jerusalem,ISR",01/22/2023 10:00:00,61.8,61.8,61.8,38.6,42.29,,3.8,,113.0,,0.0,,,5.6,40.5,1019.1,,31.78,35.2187,"ירושלים, ישראל","ירושלים, ישראל",,Partially cloudy
251,"Jerusalem,ISR",01/22/2023 11:00:00,61.8,61.8,61.8,39.5,43.78,,3.4,,103.0,,0.0,,,6.0,22.6,1018.9,Smoke Or Haze,31.78,35.2187,"ירושלים, ישראל","ירושלים, ישראל",,Clear
252,"Jerusalem,ISR",01/22/2023 12:00:00,66.9,66.9,66.9,52.1,58.92,,2.5,,70.0,,0.0,,,5.9,0.0,1017.0,,31.78,35.2187,"ירושלים, ישראל","ירושלים, ישראל",,Clear
253,"Jerusalem,ISR",01/22/2023 13:00:00,64.5,64.5,64.5,39.9,40.37,,4.9,,62.0,,0.0,,,6.0,0.0,1016.8,,31.78,35.2187,"ירושלים, ישראל","ירושלים, ישראל",,Clear
254,"Jerusalem,ISR",01/22/2023 14:00:00,64.5,64.5,64.5,40.8,41.79,,4.5,,74.0,,0.0,,,6.0,2.6,1016.4,Smoke Or Haze,31.78,35.2187,"ירושלים, ישראל","ירושלים, ישראל",,Clear
255,"Jerusalem,ISR",01/22/2023 15:00:00,66.3,66.3,66.3,39.9,37.95,,3.6,,119.0,,0.0,,,5.9,7.8,1016.9,Smoke Or Haze,31.78,35.2187,"ירושלים, ישראל","ירושלים, ישראל",,Clear
256,"Jerusalem,ISR",01/22/2023 16:00:00,67.6,67.6,67.6,55.5,65.21,,7.4,,297.0,,0.0,,,5.8,30.0,1017.0,Smoke Or Haze,31.78,35.2187,"ירושלים, ישראל","ירושלים, ישראל",,Partially cloudy
257,"Jerusalem,ISR",01/22/2023 17:00:00,61.8,61.8,61.8,47.4,59.23,,3.1,,331.0,,0.0,,,6.0,18.9,1017.4,Smoke Or Haze,31.78,35.2187,"ירושלים, ישראל","ירושלים, ישראל",,Clear
258,"Jerusalem,ISR",01/22/2023 18:00:00,58.2,58.2,58.2,48.5,70.05,,4.0,,346.0,,0.0,,,6.1,7.8,1018.0,,31.78,35.2187,"ירושלים, ישראל","ירושלים, ישראל",,Clear
259,"Jerusalem,ISR",01/22/2023 19:00:00,57.5,57.5,57.5,44.9,62.81,,5.6,,39.0,,0.0,,,6.0,7.8,1018.0,,31.78,35.2187,"ירושלים, ישראל","ירושלים, ישראל",,Clear
260,"Jerusalem,ISR",01/22/2023 20:00:00,57.5,57.5,57.5,40.4,52.89,,4.7,,34.0,,0.0,,,5.9,2.6,1018.4,Smoke Or Haze,31.78,35.2187,"ירושלים, ישראל","ירושלים, ישראל",,Clear
261,"Jerusalem,ISR",01/22/2023 21:00:00,56.6,56.6,56.6,39.5,52.76,,3.8,,48.0,,0.0,,,5.9,7.8,1018.1,Smoke Or Haze,31.78,35.2187,"ירושלים, ישראל","ירושלים, ישראל",,Clear
262,"Jerusalem,ISR",01/22/2023 22:00:00,56.6,56.6,56.6,38.6,50.96,,3.8,,36.0,,0.0,,,5.4,4.1,1018.1,"Mist, Smoke Or Haze",31.78,35.2187,"ירושלים, ישראל","ירושלים, ישראל",,Clear
263,"Jerusalem,ISR",01/22/2023 23:00:00,56.0,56.0,56.0,38.6,51.96,,4.5,,50.0,,0.0,,,5.0,2.2,1018.1,"Mist, Smoke Or Haze",31.78,35.2187,"ירושלים, ישראל","ירושלים, ישראל",,Clear
264,"Jerusalem,ISR",01/23/2023 00:00:00,54.0,54.0,54.0,50.2,86.84,,2.8,,100.0,,0.0,,,14.6,7.9,1017.9,"Mist, Smoke Or Haze",31.78,35.2187,"ירושלים, ישראל","ירושלים, ישראל",,Clear
265,"Jerusalem,ISR",01/23/2023 01:00:00,55.5,55.5,55.5,39.3,54.46,,4.0,,79.0,,0.0,,,3.7,0.0,1018.0,Smoke Or Haze,31.78,35.2187,"ירושלים, ישראל","ירושלים, ישראל",,Clear
266,"Jerusalem,ISR",01/23/2023 02:00:00,54.2,54.2,54.2,39.5,57.43,,4.5,,60.0,,0.0,,,3.3,13.4,1018.2,"Mist, Smoke Or Haze",31.78,35.2187,"ירושלים, ישראל","ירושלים, ישראל",,Clear
267,"Jerusalem,ISR",01/23/2023 03:00:00,53.7,53.7,53.7,39.5,58.58,,4.7,,74.0,,0.0,,,3.1,11.6,1018.1,"Mist, Smoke Or Haze",31.78,35.2187,"ירושלים, ישראל","ירושלים, ישראל",,Clear
268,"Jerusalem,ISR",01/23/2023 04:00:00,53.0,53.0,53.0,39.9,60.98,,4.9,,69.0,,0.0,,,3.1,3.9,1018.2,Mist,31.78,35.2187,"ירושלים, ישראל","ירושלים, ישראל",,Clear
269,"Jerusalem,ISR",01/23/2023 05:00:00,53.3,53.3,53.3,40.2,61.04,,4.5,,40.0,,0.0,,,3.2,28.3,1018.6,Mist,31.78,35.2187,"ירושלים, ישראל","ירושלים, ישראל",,Partially cloudy
270,"Jerusalem,ISR",01/23/2023 06:00:00,53.7,53.7,53.7,40.2,60.24,,4.7,,40.0,,0.0,,,2.1,78.7,1018.9,Mist,31.78,35.2187,"ירושלים, ישראל","ירושלים, ישראל",,Overcast
271,"Jerusalem,ISR",01/23/2023 07:00:00,52.1,52.1,52.1,40.4,64.38,,5.1,,45.0,,0.0,,,2.5,58.2,1019.0,"Mist, Fog",31.78,35.2187,"ירושלים, ישראל","ירושלים, ישראל",,Partially cloudy
272,"Jerusalem,ISR",01/23/2023 08:00:00,54.6,54.6,54.6,41.3,60.79,,3.8,,54.0,,0.0,,,1.3,59.1,1019.6,"Mist, Fog",31.78,35.2187,"ירושלים, ישראל","ירושלים, ישראל",,Partially cloudy
273,"Jerusalem,ISR",01/23/2023 09:00:00,57.3,57.3,57.3,41.7,55.89,,4.2,,72.0,,0.0,,,3.7,11.6,1020.0,"Mist, Smoke Or Haze",31.78,35.2187,"ירושלים, ישראל","ירושלים, ישראל",,Clear
274,"Jerusalem,ISR",01/23/2023 10:00:00,59.3,59.3,59.3,42.2,53.11,,4.2,,89.0,,0.0,,,4.6,0.0,1019.9,Smoke Or Haze,31.78,35.2187,"ירושלים, ישראל","ירושלים, ישראל",,Clear
275,"Jerusalem,ISR",01/23/2023 11:00:00,60.9,60.9,60.9,42.2,50.1,,5.1,,78.0,,0.0,,,5.6,0.0,1019.5,Smoke Or Haze,31.78,35.2187,"ירושלים, ישראל","ירושלים, ישראל",,Clear
276,"Jerusalem,ISR",01/23/2023 12:00:00,63.6,63.6,63.6,41.7,44.62,,3.8,,104.0,,0.0,,,5.4,20.5,1018.7,Smoke Or Haze,31.78,35.2187,"ירושלים, ישראל","ירושלים, ישראל",,Clear
277,"Jerusalem,ISR",01/23/2023 13:00:00,63.8,63.8,63.8,40.4,42.29,,4.7,,100.0,,0.0,,,5.2,23.2,1018.0,Smoke Or Haze,31.78,35.2187,"ירושלים, ישראל","ירושלים, ישראל",,Clear
278,"Jerusalem,ISR",01/23/2023 14:00:00,63.8,63.8,63.8,40.4,42.3,,4.9,,111.0,,0.0,,,5.7,22.6,1018.1,Smoke Or Haze,31.78,35.2187,"ירושלים, ישראל","ירושלים, ישראל",,Clear
279,"Jerusalem,ISR",01/23/2023 15:00:00,63.8,63.8,63.8,39.0,39.96,,5.4,,91.0,,0.0,,,5.7,7.8,1017.8,Smoke Or Haze,31.78,35.2187,"ירושלים, ישראל","ירושלים, ישראל",,Clear
280,"Jerusalem,ISR",01/23/2023 16:00:00,62.7,62.7,62.7,40.2,43.58,,2.9,,96.0,,0.0,,,5.9,7.8,1017.8,Smoke Or Haze,31.78,35.2187,"ירושלים, ישראל","ירושלים, ישראל",,Clear
281,"Jerusalem,ISR",01/23/2023 17:00:00,60.0,60.0,60.0,39.5,46.64,,2.0,,83.0,,0.0,,,5.7,7.8,1018.4,Smoke Or Haze,31.78,35.2187,"ירושלים, ישראל","ירושלים, ישראל",,Clear
282,"Jerusalem,ISR",01/23/2023 18:00:00,58.2,58.2,58.2,39.9,50.44,,2.7,,81.0,,0.0,,,5.9,7.8,1018.2,Smoke Or Haze,31.78,35.2187,"ירושלים, ישראל","ירושלים, ישראל",,Clear
283,"Jerusalem,ISR",01/23/2023 19:00:00,57.3,57.3,57.3,40.2,52.83,,3.8,,73.0,,0.0,,,5.9,7.8,1018.9,Smoke Or Haze,31.78,35.2187,"ירושלים, ישראל","ירושלים, ישראל",,Clear
284,"Jerusalem,ISR",01/23/2023 20:00:00,56.6,56.6,56.6,39.5,52.74,,5.1,,93.0,,0.0,,,5.9,0.0,1019.3,Smoke Or Haze,31.78,35.2187,"ירושלים, ישראל","ירושלים, ישראל",,Clear
285,"Jerusalem,ISR",01/23/2023 21:00:00,55.7,55.7,55.7,39.9,55.24,,4.5,,88.0,,0.0,,,5.9,0.0,1019.2,Smoke Or Haze,31.78,35.2187,"ירושלים, ישראל","ירושלים, ישראל",,Clear
286,"Jerusalem,ISR",01/23/2023 22:00:00,56.6,56.6,56.6,48.9,75.56,,1.3,,140.0,,0.0,,,5.3,0.0,1019.0,Smoke Or Haze,31.78,35.2187,"ירושלים, ישראל","ירושלים, ישראל",,Clear
287,"Jerusalem,ISR",01/23/2023 23:00:00,53.7,53.7,53.7,39.0,57.31,,4.5,,61.0,,0.0,,,6.0,0.0,1019.5,Smoke Or Haze,31.78,35.2187,"ירושלים, ישראל","ירושלים, ישראל",,Clear
288,"Jerusalem,ISR",01/24/2023 00:00:00,52.8,52.8,52.8,38.6,58.42,,2.0,,85.0,,0.0,,,6.0,0.0,1019.2,,31.78,35.2187,"ירושלים, ישראל","ירושלים, ישראל",,Clear
289,"Jerusalem,ISR",01/24/2023 01:00:00,52.8,52.8,52.8,39.0,59.24,,3.6,,61.0,,0.0,,,6.0,0.0,1019.2,,31.78,35.2187,"ירושלים, ישראל","ירושלים, ישראל",,Clear
290,"Jerusalem,ISR",01/24/2023 02:00:00,52.1,52.1,52.1,39.9,62.99,,3.4,,79.0,,0.0,,,6.0,0.0,1019.5,Smoke Or Haze,31.78,35.2187,"ירושלים, ישראל","ירושלים, ישראל",,Clear
291,"Jerusalem,ISR",01/24/2023 03:00:00,53.0,53.0,53.0,40.7,63.11,,3.8,,98.0,,0.0,,,5.9,0.0,1019.1,Mist,31.78,35.2187,"ירושלים, ישראל","ירושלים, ישראל",,Clear
292,"Jerusalem,ISR",01/24/2023 04:00:00,52.1,52.1,52.1,40.7,65.21,,4.0,,73.0,,0.0,,,5.9,0.0,1019.1,Mist,31.78,35.2187,"ירושלים, ישראל","ירושלים, ישראל",,Clear
293,"Jerusalem,ISR",01/24/2023 05:00:00,51.9,51.9,51.9,40.4,64.74,,4.0,,76.0,,0.0,,,5.9,0.0,1019.4,Mist,31.78,35.2187,"ירושלים, ישראל","ירושלים, ישראל",,Clear
294,"Jerusalem,ISR",01/24/2023 06:00:00,51.2,51.2,51.2,40.2,65.98,,2.9,,73.0,,0.0,,,5.9,0.0,1019.1,Mist,31.78,35.2187,"ירושלים, ישראל","ירושלים, ישראל",,Clear
295,"Jerusalem,ISR",01/24/2023 07:00:00,51.0,51.0,51.0,39.8,65.5,,2.0,,107.0,,0.0,,,5.8,0.0,1019.3,Mist,31.78,35.2187,"ירושלים, ישראל","ירושלים, ישראל",,Clear
296,"Jerusalem,ISR",01/24/2023 08:00:00,53.9,53.9,53.9,40.4,60.2,,4.5,,70.0,,0.0,,,5.0,0.0,1020.4,Mist,31.78,35.2187,"ירושלים, ישראל","ירושלים, ישראל",,Clear
297,"Jerusalem,ISR",01/24/2023 09:00:00,55.5,55.5,55.5,40.4,56.71,,5.1,,71.0,,0.0,,,5.8,0.0,1020.0,Smoke Or Haze,31.78,35.2187,"ירושלים, ישראל","ירושלים, ישראל",,Clear
298,"Jerusalem,ISR",01/24/2023 10:00:00,56.6,56.6,56.6,41.1,56.05,,6.9,,82.0,,0.0,,,6.3,0.0,1020.0,Smoke Or Haze,31.78,35.2187,"ירושלים, ישראל","ירושלים, ישראל",,Clear
299,"Jerusalem,ISR",01/24/2023 11:00:00,60.0,60.0,60.0,42.0,51.31,,6.5,,105.0,,0.0,,,5.9,0.0,1019.4,Smoke Or Haze,31.78,35.2187,"ירושלים, ישראל","ירושלים, ישראל",,Clear
300,"Jerusalem,ISR",01/24/2023 12:00:00,60.2,60.2,60.2,41.6,50.25,,6.9,,108.0,,0.0,,,6.0,23.2,1018.0,,31.78,35.2187,"ירושלים, ישראל","ירושלים, ישראל",,Clear
301,"Jerusalem,ISR",01/24/2023 13:00:00,72.6,72.6,72.6,41.4,32.42,,2.6,,93.0,,0.0,,,6.9,15.2,1017.0,,31.78,35.2187,"ירושלים, ישראל","ירושלים, ישראל",,Clear
302,"Jerusalem,ISR",01/24/2023 14:00:00,62.0,62.0,62.0,39.3,43.06,,6.7,,130.0,,0.0,,,6.8,10.0,1017.2,Smoke Or Haze,31.78,35.2187,"ירושלים, ישראל","ירושלים, ישראל",,Clear
303,"Jerusalem,ISR",01/24/2023 15:00:00,62.0,62.0,62.0,38.9,42.47,,3.8,,108.0,,0.0,,,6.5,0.0,1016.9,,31.78,35.2187,"ירושלים, ישראל","ירושלים, ישראל",,Clear
304,"Jerusalem,ISR",01/24/2023 16:00:00,61.1,61.1,61.1,38.0,42.32,,3.8,,103.0,,0.0,,,6.3,0.0,1016.9,Smoke Or Haze,31.78,35.2187,"ירושלים, ישראל","ירושלים, ישראל",,Clear
305,"Jerusalem,ISR",01/24/2023 17:00:00,58.4,58.4,58.4,38.4,47.34,,5.4,,37.0,,0.0,,,6.4,0.0,1017.4,Smoke Or Haze,31.78,35.2187,"ירושלים, ישראל","ירושלים, ישראל",,Clear
306,"Jerusalem,ISR",01/24/2023 18:00:00,57.3,57.3,57.3,35.9,44.61,,4.3,,34.0,,0.0,,,6.2,0.0,1017.3,,31.78,35.2187,"ירושלים, ישראל","ירושלים, ישראל",,Clear
307,"Jerusalem,ISR",01/24/2023 19:00:00,55.7,55.7,55.7,35.8,46.97,,4.7,,42.0,,0.0,,,6.2,0.0,1018.0,,31.78,35.2187,"ירושלים, ישראל","ירושלים, ישראל",,Clear
308,"Jerusalem,ISR",01/24/2023 20:00:00,55.5,55.5,55.5,36.8,49.33,,6.0,,44.0,,0.0,,,6.2,0.0,1018.3,,31.78,35.2187,"ירושלים, ישראל","ירושלים, ישראל",,Clear
309,"Jerusalem,ISR",01/24/2023 21:00:00,54.8,54.8,54.8,36.8,50.64,,6.5,,47.0,,0.0,,,6.2,0.0,1018.1,,31.78,35.2187,"ירושלים, ישראל","ירושלים, ישראל",,Clear
310,"Jerusalem,ISR",01/24/2023 22:00:00,53.9,53.9,53.9,36.8,52.34,,4.5,,54.0,,0.0,,,6.0,0.0,1018.2,,31.78,35.2187,"ירושלים, ישראל","ירושלים, ישראל",,Clear
311,"Jerusalem,ISR",01/24/2023 23:00:00,53.0,53.0,53.0,36.3,52.95,,3.6,,61.0,,0.0,,,6.0,0.0,1018.3,Smoke Or Haze,31.78,35.2187,"ירושלים, ישראל","ירושלים, ישראל",,Clear
312,"Jerusalem,ISR",01/25/2023 00:00:00,52.8,52.8,52.8,36.6,54.06,,3.4,,55.0,,0.0,,,6.2,0.0,1018.0,,31.78,35.2187,"ירושלים, ישראל","ירושלים, ישראל",,Clear
313,"Jerusalem,ISR",01/25/2023 01:00:00,54.7,54.7,54.7,47.2,75.71,,2.2,,13.0,,0.0,,,6.2,0.0,1018.0,,31.78,35.2187,"ירושלים, ישראל","ירושלים, ישראל",,Clear
314,"Jerusalem,ISR",01/25/2023 02:00:00,52.1,52.1,52.1,37.2,56.69,,4.5,,60.0,,0.0,,,6.2,,1018.2,,31.78,35.2187,"ירושלים, ישראל","ירושלים, ישראל",,Clear
315,"Jerusalem,ISR",01/25/2023 03:00:00,51.2,51.2,51.2,37.2,58.6,,3.4,,74.0,,0.0,,,6.2,0.0,1017.9,,31.78,35.2187,"ירושלים, ישראל","ירושלים, ישראל",,Clear
316,"Jerusalem,ISR",01/25/2023 04:00:00,51.2,51.2,51.2,37.5,59.43,,2.5,,76.0,,0.0,,,6.0,0.0,1017.3,,31.78,35.2187,"ירושלים, ישראל","ירושלים, ישראל",,Clear
317,"Jerusalem,ISR",01/25/2023 05:00:00,51.0,51.0,51.0,37.5,59.83,,4.0,,60.0,,0.0,,,6.0,0.0,1017.5,Smoke Or Haze,31.78,35.2187,"ירושלים, ישראל","ירושלים, ישראל",,Clear
318,"Jerusalem,ISR",01/25/2023 06:00:00,50.3,50.3,50.3,37.7,61.89,,2.9,,52.0,,0.0,,,5.6,0.0,1018.0,"Mist, Smoke Or Haze",31.78,35.2187,"ירושלים, ישראל","ירושלים, ישראל",,Clear
319,"Jerusalem,ISR",01/25/2023 07:00:00,50.3,50.3,50.3,37.7,61.89,,3.8,,70.0,,0.0,,,5.5,7.8,1018.1,"Mist, Smoke Or Haze",31.78,35.2187,"ירושלים, ישראל","ירושלים, ישראל",,Clear
320,"Jerusalem,ISR",01/25/2023 08:00:00,53.0,53.0,53.0,37.7,56.03,,4.0,,68.0,,0.0,,,5.9,0.0,1018.4,Mist,31.78,35.2187,"ירושלים, ישראל","ירושלים, ישראל",,Clear
321,"Jerusalem,ISR",01/25/2023 09:00:00,56.4,56.4,56.4,38.1,50.14,,4.0,,75.0,,0.0,,,5.9,0.0,1018.9,Smoke Or Haze,31.78,35.2187,"ירושלים, ישראל","ירושלים, ישראל",,Clear
322,"Jerusalem,ISR",01/25/2023 10:00:00,60.4,60.4,60.4,44.4,55.54,,2.5,,150.0,,0.0,,,5.8,0.0,1019.0,Smoke Or Haze,31.78,35.2187,"ירושלים, ישראל","ירושלים, ישראל",,Clear
323,"Jerusalem,ISR",01/25/2023 11:00:00,59.3,59.3,59.3,38.1,45.19,,4.5,,110.0,,0.0,,,5.9,10.0,1018.2,Smoke Or Haze,31.78,35.2187,"ירושלים, ישראל","ירושלים, ישראל",,Clear
324,"Jerusalem,ISR",01/25/2023 12:00:00,59.3,59.3,59.3,36.3,42.07,,4.5,,75.0,,0.0,,,5.9,13.0,1017.0,Smoke Or Haze,31.78,35.2187,"ירושלים, ישראל","ירושלים, ישראל",,Clear
325,"Jerusalem,ISR",01/25/2023 13:00:00,61.8,61.8,61.8,35.9,37.96,,3.4,,126.0,,0.0,,,5.9,13.0,1016.9,Smoke Or Haze,31.78,35.2187,"ירושלים, ישראל","ירושלים, ישראל",,Clear
326,"Jerusalem,ISR",01/25/2023 14:00:00,62.0,62.0,62.0,35.7,37.47,,3.8,,105.0,,0.0,,,5.9,15.2,1016.4,Smoke Or Haze,31.78,35.2187,"ירושלים, ישראל","ירושלים, ישראל",,Clear
327,"Jerusalem,ISR",01/25/2023 15:00:00,67.4,67.4,67.4,47.9,49.58,,11.5,,336.0,,0.0,,,5.9,7.8,1016.2,Smoke Or Haze,31.78,35.2187,"ירושלים, ישראל","ירושלים, ישראל",,Clear
328,"Jerusalem,ISR",01/25/2023 16:00:00,59.1,59.1,59.1,40.8,50.54,,8.3,,310.0,,0.0,,,5.9,7.8,1016.9,Smoke Or Haze,31.78,35.2187,"ירושלים, ישראל","ירושלים, ישראל",,Clear
329,"Jerusalem,ISR",01/25/2023 17:00:00,56.4,56.4,56.4,40.8,55.68,,5.4,,304.0,,0.0,,,5.9,7.8,1017.2,Smoke Or Haze,31.78,35.2187,"ירושלים, ישראל","ירושלים, ישראל",,Clear
330,"Jerusalem,ISR",01/25/2023 18:00:00,53.7,53.7,53.7,43.5,68.1,,6.7,,315.0,,0.0,,,5.9,0.0,1017.9,Smoke Or Haze,31.78,35.2187,"ירושלים, ישראל","ירושלים, ישראל",,Clear
331,"Jerusalem,ISR",01/25/2023 19:00:00,52.1,52.1,52.1,44.4,74.78,,4.7,,323.0,,0.0,,,5.9,0.0,1018.0,Smoke Or Haze,31.78,35.2187,"ירושלים, ישראל","ירושלים, ישראל",,Clear
332,"Jerusalem,ISR",01/25/2023 20:00:00,52.1,52.1,52.1,41.7,67.49,,5.8,,305.0,,0.0,,,5.9,0.0,1018.4,Smoke Or Haze,31.78,35.2187,"ירושלים, ישראל","ירושלים, ישראל",,Clear
333,"Jerusalem,ISR",01/25/2023 21:00:00,51.2,51.2,51.2,41.3,68.82,,6.9,,317.0,,0.0,,,5.9,0.0,1018.3,Smoke Or Haze,31.78,35.2187,"ירושלים, ישראל","ירושלים, ישראל",,Clear
334,"Jerusalem,ISR",01/25/2023 22:00:00,51.0,51.0,51.0,37.5,59.83,,4.9,,332.0,,0.0,,,5.9,0.0,1018.3,Smoke Or Haze,31.78,35.2187,"ירושלים, ישראל","ירושלים, ישראל",,Clear
335,"Jerusalem,ISR",01/25/2023 23:00:00,50.3,50.3,50.3,35.9,57.67,,4.7,,319.0,,0.0,,,5.9,0.0,1018.3,Smoke Or Haze,31.78,35.2187,"ירושלים, ישראל","ירושלים, ישראל",,Clear
336,"Jerusalem,ISR",01/26/2023 00:00:00,51.0,51.0,51.0,31.3,46.61,,5.1,,324.0,,0.0,,,5.8,0.0,1018.3,"Mist, Smoke Or Haze",31.78,35.2187,"ירושלים, ישראל","ירושלים, ישראל",,Clear
337,"Jerusalem,ISR",01/26/2023 01:00:00,50.4,50.4,50.4,45.4,82.93,,2.4,,117.0,,0.0,,,4.4,0.0,1018.3,"Mist, Smoke Or Haze",31.78,35.2187,"ירושלים, ישראל","ירושלים, ישראל",,Clear
338,"Jerusalem,ISR",01/26/2023 02:00:00,51.0,51.0,51.0,29.6,43.66,,4.0,,309.0,,0.0,,,4.6,0.0,1018.2,"Mist, Smoke Or Haze",31.78,35.2187,"ירושלים, ישראל","ירושלים, ישראל",,Clear
339,"Jerusalem,ISR",01/26/2023 03:00:00,50.3,50.3,50.3,29.6,44.84,,2.5,,303.0,,0.0,,,3.4,0.0,1018.1,"Mist, Smoke Or Haze",31.78,35.2187,"ירושלים, ישראל","ירושלים, ישראל",,Clear
340,"Jerusalem,ISR",01/26/2023 04:00:00,48.5,48.5,48.5,32.7,54.22,,1.3,,146.0,,0.0,,,4.6,0.0,1018.1,"Mist, Smoke Or Haze",31.78,35.2187,"ירושלים, ישראל","ירושלים, ישראל",,Clear
341,"Jerusalem,ISR",01/26/2023 05:00:00,49.2,49.2,49.2,32.3,52.04,,1.8,,214.0,,0.0,,,4.6,0.0,1018.3,Mist,31.78,35.2187,"ירושלים, ישראל","ירושלים, ישראל",,Clear
342,"Jerusalem,ISR",01/26/2023 06:00:00,46.2,46.2,46.2,42.6,87.18,,3.0,,,,0.0,,,4.1,0.0,1018.0,Mist,31.78,35.2187,"ירושלים, ישראל","ירושלים, ישראל",,Clear
343,"Jerusalem,ISR",01/26/2023 07:00:00,49.4,49.4,49.4,35.4,58.37,,2.5,,219.0,,0.0,,,3.7,0.0,1018.4,Mist,31.78,35.2187,"ירושלים, ישראל","ירושלים, ישראל",,Clear
344,"Jerusalem,ISR",01/26/2023 08:00:00,53.0,53.0,53.0,37.2,54.86,,3.6,,144.0,,0.0,,,4.9,0.0,1019.3,"Mist, Smoke Or Haze",31.78,35.2187,"ירושלים, ישראל","ירושלים, ישראל",,Clear
345,"Jerusalem,ISR",01/26/2023 09:00:00,56.6,56.6,56.6,37.2,48.11,,2.7,,144.0,,0.0,,,5.7,0.0,1019.2,Smoke Or Haze,31.78,35.2187,"ירושלים, ישראל","ירושלים, ישראל",,Clear
346,"Jerusalem,ISR",01/26/2023 10:00:00,59.3,59.3,59.3,36.3,42.15,,2.7,,139.0,,0.0,,,5.5,0.0,1019.1,Smoke Or Haze,31.78,35.2187,"ירושלים, ישראל","ירושלים, ישראל",,Clear
347,"Jerusalem,ISR",01/26/2023 11:00:00,60.2,60.2,60.2,36.3,40.79,,4.7,,143.0,,0.0,,,5.9,0.0,1018.9,Smoke Or Haze,31.78,35.2187,"ירושלים, ישראל","ירושלים, ישראל",,Clear
348,"Jerusalem,ISR",01/26/2023 12:00:00,62.0,62.0,62.0,36.8,39.08,,5.4,,124.0,,0.0,,,6.0,7.8,1017.8,,31.78,35.2187,"ירושלים, ישראל","ירושלים, ישראל",,Clear
349,"Jerusalem,ISR",01/26/2023 13:00:00,60.9,60.9,60.9,35.7,38.89,,5.8,,168.0,,0.0,,,6.0,7.8,1017.0,,31.78,35.2187,"ירושלים, ישראל","ירושלים, ישראל",,Clear
350,"Jerusalem,ISR",01/26/2023 14:00:00,60.0,60.0,60.0,35.4,39.6,,4.9,,68.0,,0.0,,,6.0,10.4,1016.9,Smoke Or Haze,31.78,35.2187,"ירושלים, ישראל","ירושלים, ישראל",,Clear
351,"Jerusalem,ISR",01/26/2023 15:00:00,62.0,62.0,62.0,35.4,36.94,,3.4,,126.0,,0.0,,,6.0,13.0,1016.2,,31.78,35.2187,"ירושלים, ישראל","ירושלים, ישראל",,Clear
352,"Jerusalem,ISR",01/26/2023 16:00:00,59.3,59.3,59.3,30.9,33.96,,3.8,,110.0,,0.0,,,5.9,7.8,1016.9,Smoke Or Haze,31.78,35.2187,"ירושלים, ישראל","ירושלים, ישראל",,Clear
353,"Jerusalem,ISR",01/26/2023 17:00:00,57.3,57.3,57.3,30.9,36.47,,3.4,,96.0,,0.0,,,5.9,0.0,1017.1,Smoke Or Haze,31.78,35.2187,"ירושלים, ישראל","ירושלים, ישראל",,Clear
354,"Jerusalem,ISR",01/26/2023 18:00:00,62.2,62.2,62.2,45.1,53.56,,6.4,,17.0,,0.0,,,5.8,0.0,1017.0,Smoke Or Haze,31.78,35.2187,"ירושלים, ישראל","ירושלים, ישראל",,Clear
355,"Jerusalem,ISR",01/26/2023 19:00:00,53.9,53.9,53.9,35.0,48.71,,2.2,,94.0,,0.0,,,6.0,0.0,1017.1,,31.78,35.2187,"ירושלים, ישראל","ירושלים, ישראל",,Clear
356,"Jerusalem,ISR",01/26/2023 20:00:00,53.7,53.7,53.7,35.9,50.81,,2.5,,88.0,,0.0,,,6.0,0.0,1017.5,Smoke Or Haze,31.78,35.2187,"ירושלים, ישראל","ירושלים, ישראל",,Clear
357,"Jerusalem,ISR",01/26/2023 21:00:00,53.7,53.7,53.7,32.3,44.06,,2.9,,103.0,,0.0,,,6.0,0.0,1017.3,,31.78,35.2187,"ירושלים, ישראל","ירושלים, ישראל",,Clear
358,"Jerusalem,ISR",01/26/2023 22:00:00,53.6,53.6,53.6,44.9,72.28,,5.0,,120.0,,0.0,,,5.4,0.0,1017.0,,31.78,35.2187,"ירושלים, ישראל","ירושלים, ישראל",,Clear
359,"Jerusalem,ISR",01/26/2023 23:00:00,51.9,51.9,51.9,30.9,44.42,,4.7,,72.0,,0.0,,,5.2,0.0,1017.2,Smoke Or Haze,31.78,35.2187,"ירושלים, ישראל","ירושלים, ישראל",,Clear
360,"Jerusalem,ISR",01/27/2023 00:00:00,51.2,51.2,51.2,32.3,48.32,,4.9,,75.0,,0.0,,,5.6,0.0,1016.0,,31.78,35.2187,"ירושלים, ישראל","ירושלים, ישראל",,Clear
361,"Jerusalem,ISR",01/27/2023 01:00:00,50.3,50.3,50.3,32.7,50.68,,4.9,,76.0,,0.0,,,5.6,0.0,1015.3,,31.78,35.2187,"ירושלים, ישראל","ירושלים, ישראל",,Clear
362,"Jerusalem,ISR",01/27/2023 02:00:00,51.0,51.0,51.0,32.7,49.36,,4.5,,103.0,,0.0,,,5.6,0.0,1015.6,Smoke Or Haze,31.78,35.2187,"ירושלים, ישראל","ירושלים, ישראל",,Clear
363,"Jerusalem,ISR",01/27/2023 03:00:00,51.0,51.0,51.0,33.6,51.17,,4.7,,94.0,,0.0,,,5.9,0.0,1015.1,Smoke Or Haze,31.78,35.2187,"ירושלים, ישראל","ירושלים, ישראל",,Clear
364,"Jerusalem,ISR",01/27/2023 04:00:00,50.3,50.3,50.3,33.2,51.8,,4.2,,98.0,,0.0,,,6.0,0.0,1015.0,,31.78,35.2187,"ירושלים, ישראל","ירושלים, ישראל",,Clear
365,"Jerusalem,ISR",01/27/2023 05:00:00,50.2,50.2,50.2,33.6,52.56,,6.2,,96.0,,0.0,,,6.0,0.0,1015.5,Smoke Or Haze,31.78,35.2187,"ירושלים, ישראל","ירושלים, ישראל",,Clear
366,"Jerusalem,ISR",01/27/2023 06:00:00,50.2,50.2,50.2,32.7,50.69,,3.1,,122.0,,0.0,,,5.9,0.0,1015.3,Smoke Or Haze,31.78,35.2187,"ירושלים, ישראל","ירושלים, ישראל",,Clear
367,"Jerusalem,ISR",01/27/2023 07:00:00,51.1,51.1,51.1,31.8,47.3,,3.6,,118.0,,0.0,,,5.9,7.4,1015.3,Smoke Or Haze,31.78,35.2187,"ירושלים, ישראל","ירושלים, ישראל",,Clear
368,"Jerusalem,ISR",01/27/2023 08:00:00,52.1,52.1,52.1,33.2,48.46,,5.6,,73.0,,0.0,,,6.2,30.0,1015.9,Smoke Or Haze,31.78,35.2187,"ירושלים, ישראל","ירושלים, ישראל",,Partially cloudy
369,"Jerusalem,ISR",01/27/2023 09:00:00,54.8,54.8,54.8,33.6,44.5,,4.7,,87.0,,0.0,,,5.9,22.2,1015.2,Smoke Or Haze,31.78,35.2187,"ירושלים, ישראל","ירושלים, ישראל",,Clear
370,"Jerusalem,ISR",01/27/2023 10:00:00,67.4,67.4,67.4,42.6,40.49,,1.4,,40.0,,0.0,,,5.8,0.0,1015.0,Smoke Or Haze,31.78,35.2187,"ירושלים, ישראל","ירושלים, ישראל",,Clear
371,"Jerusalem,ISR",01/27/2023 11:00:00,61.1,61.1,61.1,33.0,34.66,,5.4,,120.0,,0.0,,,6.4,40.0,1014.6,Smoke Or Haze,31.78,35.2187,"ירושלים, ישראל","ירושלים, ישראל",,Partially cloudy
372,"Jerusalem,ISR",01/27/2023 12:00:00,75.1,75.1,75.1,30.4,19.33,,9.0,,155.0,,0.0,,,5.8,0.0,1013.0,Smoke Or Haze,31.78,35.2187,"ירושלים, ישראל","ירושלים, ישראל",,Clear
373,"Jerusalem,ISR",01/27/2023 13:00:00,64.7,64.7,64.7,28.7,25.62,,6.5,,140.0,,0.0,,,6.7,7.4,1012.8,Smoke Or Haze,31.78,35.2187,"ירושלים, ישראל","ירושלים, ישראל",,Clear
374,"Jerusalem,ISR",01/27/2023 14:00:00,66.9,66.9,66.9,27.8,22.93,,4.5,,150.0,,0.0,,,6.7,10.0,1013.1,Smoke Or Haze,31.78,35.2187,"ירושלים, ישראל","ירושלים, ישראל",,Clear
375,"Jerusalem,ISR",01/27/2023 15:00:00,68.1,68.1,68.1,24.0,18.78,,5.8,,132.0,,0.0,,,5.9,7.4,1011.9,Smoke Or Haze,31.78,35.2187,"ירושלים, ישראל","ירושלים, ישראל",,Clear
376,"Jerusalem,ISR",01/27/2023 16:00:00,65.6,65.6,65.6,26.7,22.9,,5.8,,150.0,,0.0,,,5.9,22.2,1012.0,Smoke Or Haze,31.78,35.2187,"ירושלים, ישראל","ירושלים, ישראל",,Clear
377,"Jerusalem,ISR",01/27/2023 17:00:00,62.7,62.7,62.7,28.1,26.88,,2.2,,127.0,,0.0,,,6.2,37.7,1012.5,Smoke Or Haze,31.78,35.2187,"ירושלים, ישראל","ירושלים, ישראל",,Partially cloudy
378,"Jerusalem,ISR",01/27/2023 18:00:00,60.0,60.0,60.0,30.5,32.53,,3.6,,128.0,,0.0,,,5.9,44.4,1012.1,Smoke Or Haze,31.78,35.2187,"ירושלים, ישראל","ירושלים, ישראל",,Partially cloudy
379,"Jerusalem,ISR",01/27/2023 19:00:00,59.3,59.3,59.3,28.5,30.8,,5.1,,145.0,,0.0,,,5.9,44.4,1012.2,Smoke Or Haze,31.78,35.2187,"ירושלים, ישראל","ירושלים, ישראל",,Partially cloudy
380,"Jerusalem,ISR",01/27/2023 20:00:00,59.3,59.3,59.3,26.4,28.24,,4.5,,170.0,,0.0,,,5.9,60.0,1013.4,Smoke Or Haze,31.78,35.2187,"ירושלים, ישראל","ירושלים, ישראל",,Partially cloudy
381,"Jerusalem,ISR",01/27/2023 21:00:00,60.0,60.0,60.0,26.0,27.12,,5.1,,166.0,,0.0,,,5.9,44.4,1012.9,Smoke Or Haze,31.78,35.2187,"ירושלים, ישראל","ירושלים, ישראל",,Partially cloudy
382,"Jerusalem,ISR",01/27/2023 22:00:00,68.1,68.1,68.1,32.4,26.57,,8.5,,134.0,,0.0,,,5.9,0.0,1012.0,,31.78,35.2187,"ירושלים, ישראל","ירושלים, ישראל",,Clear
383,"Jerusalem,ISR",01/27/2023 23:00:00,60.0,60.0,60.0,26.0,27.1,,6.3,,158.0,,0.0,,,6.0,50.0,1012.8,Smoke Or Haze,31.78,35.2187,"ירושלים, ישראל","ירושלים, ישראל",,Partially cloudy
384,"Jerusalem,ISR",01/28/2023 00:00:00,59.3,59.3,59.3,26.7,28.64,,5.1,,165.0,,0.0,,,6.0,44.4,1012.1,,31.78,35.2187,"ירושלים, ישראל","ירושלים, ישראל",,Partially cloudy
385,"Jerusalem,ISR",01/28/2023 01:00:00,59.1,59.1,59.1,28.2,30.58,,4.7,,155.0,,0.0,,,6.0,37.0,1011.9,,31.78,35.2187,"ירושלים, ישראל","ירושלים, ישראל",,Partially cloudy
386,"Jerusalem,ISR",01/28/2023 02:00:00,58.4,58.4,58.4,28.7,32.08,,4.0,,146.0,,0.0,,,6.0,52.6,1011.5,Smoke Or Haze,31.78,35.2187,"ירושלים, ישראל","ירושלים, ישראל",,Partially cloudy
387,"Jerusalem,ISR",01/28/2023 03:00:00,58.2,58.2,58.2,30.5,34.74,,4.5,,153.0,,0.0,,,6.0,44.4,1011.0,,31.78,35.2187,"ירושלים, ישראל","ירושלים, ישראל",,Partially cloudy
388,"Jerusalem,ISR",01/28/2023 04:00:00,58.4,58.4,58.4,31.8,36.35,,4.7,,180.0,,0.0,,,6.0,44.4,1011.0,,31.78,35.2187,"ירושלים, ישראל","ירושלים, ישראל",,Partially cloudy
389,"Jerusalem,ISR",01/28/2023 05:00:00,59.3,59.3,59.3,32.3,35.97,,6.7,,155.0,,0.0,,,6.0,69.6,1011.5,Smoke Or Haze,31.78,35.2187,"ירושלים, ישראל","ירושלים, ישראל",,Partially cloudy
390,"Jerusalem,ISR",01/28/2023 06:00:00,57.5,57.5,57.5,32.7,38.93,,4.3,,151.0,,0.0,,,6.0,66.5,1010.4,,31.78,35.2187,"ירושלים, ישראל","ירושלים, ישראל",,Partially cloudy
391,"Jerusalem,ISR",01/28/2023 07:00:00,58.2,58.2,58.2,33.6,39.31,,5.8,,170.0,,0.0,,,5.9,66.5,1011.1,Smoke Or Haze,31.78,35.2187,"ירושלים, ישראל","ירושלים, ישראל",,Partially cloudy
392,"Jerusalem,ISR",01/28/2023 08:00:00,59.3,59.3,59.3,33.6,37.86,,5.8,,178.0,,0.0,,,5.9,87.4,1012.0,Smoke Or Haze,31.78,35.2187,"ירושלים, ישראל","ירושלים, ישראל",,Overcast
393,"Jerusalem,ISR",01/28/2023 09:00:00,62.7,62.7,62.7,34.5,34.77,,4.9,,198.0,,0.0,,,5.9,59.2,1012.1,Smoke Or Haze,31.78,35.2187,"ירושלים, ישראל","ירושלים, ישראל",,Partially cloudy
394,"Jerusalem,ISR",01/28/2023 10:00:00,63.8,63.8,63.8,36.8,36.72,,5.2,,145.0,,0.0,,,5.9,44.4,1012.9,Smoke Or Haze,31.78,35.2187,"ירושלים, ישראל","ירושלים, ישראל",,Partially cloudy
395,"Jerusalem,ISR",01/28/2023 11:00:00,67.2,67.2,67.2,29.6,24.45,,12.7,,220.0,,0.0,,,5.9,80.0,1012.2,Smoke Or Haze,31.78,35.2187,"ירושלים, ישראל","ירושלים, ישראל",,Overcast
396,"Jerusalem,ISR",01/28/2023 12:00:00,74.8,74.8,74.8,44.6,34.0,,7.2,,266.0,,0.0,,,5.9,44.4,1011.8,Smoke Or Haze,31.78,35.2187,"ירושלים, ישראל","ירושלים, ישראל",,Partially cloudy
397,"Jerusalem,ISR",01/28/2023 13:00:00,68.1,68.1,68.1,37.2,32.03,,8.5,,253.0,,0.0,,,5.8,0.0,1011.0,Smoke Or Haze,31.78,35.2187,"ירושלים, ישראל","ירושלים, ישראל",,Clear
398,"Jerusalem,ISR",01/28/2023 14:00:00,67.4,67.4,67.4,40.4,37.25,,8.3,,263.0,,0.0,,,5.9,57.8,1011.0,Smoke Or Haze,31.78,35.2187,"ירושלים, ישראל","ירושלים, ישראל",,Partially cloudy
399,"Jerusalem,ISR",01/28/2023 15:00:00,62.9,62.9,62.9,40.4,43.59,,11.2,,280.0,,0.0,,,5.9,37.0,1011.3,Smoke Or Haze,31.78,35.2187,"ירושלים, ישראל","ירושלים, ישראל",,Partially cloudy
400,"Jerusalem,ISR",01/28/2023 16:00:00,61.8,61.8,61.8,44.4,52.72,,12.3,,276.0,,0.0,,,5.9,29.6,1012.0,Smoke Or Haze,31.78,35.2187,"ירושלים, ישראל","ירושלים, ישראל",,Partially cloudy
401,"Jerusalem,ISR",01/28/2023 17:00:00,58.4,58.4,58.4,39.0,48.41,,13.4,,290.0,,0.0,,,5.7,32.7,1013.0,Smoke Or Haze,31.78,35.2187,"ירושלים, ישראל","ירושלים, ישראל",,Partially cloudy
402,"Jerusalem,ISR",01/28/2023 18:00:00,56.6,56.6,56.6,39.4,52.38,,12.9,,278.0,,0.0,,,5.3,28.1,1013.3,Smoke Or Haze,31.78,35.2187,"ירושלים, ישראל","ירושלים, ישראל",,Partially cloudy
403,"Jerusalem,ISR",01/28/2023 19:00:00,54.8,54.8,54.8,49.4,81.95,,9.4,,284.0,,0.0,,,5.4,43.0,1014.1,Smoke Or Haze,31.78,35.2187,"ירושלים, ישראל","ירושלים, ישראל",,Partially cloudy
404,"Jerusalem,ISR",01/28/2023 20:00:00,53.9,53.9,53.9,48.9,82.99,,6.2,,281.0,,0.0,,,5.5,40.3,1014.9,Smoke Or Haze,31.78,35.2187,"ירושלים, ישראל","ירושלים, ישראל",,Partially cloudy
405,"Jerusalem,ISR",01/28/2023 21:00:00,60.6,60.6,60.6,53.3,76.75,,1.5,,250.0,,0.0,,,5.3,24.1,1015.0,Smoke Or Haze,31.78,35.2187,"ירושלים, ישראל","ירושלים, ישראל",,Clear
406,"Jerusalem,ISR",01/28/2023 22:00:00,52.1,52.1,52.1,48.0,85.73,,5.8,,310.0,,0.0,,,5.5,30.7,1015.1,Smoke Or Haze,31.78,35.2187,"ירושלים, ישראל","ירושלים, ישראל",,Partially cloudy
407,"Jerusalem,ISR",01/28/2023 23:00:00,52.1,52.1,52.1,47.6,84.6,,4.2,,302.0,,0.0,,,5.1,35.3,1014.8,Smoke Or Haze,31.78,35.2187,"ירושלים, ישראל","ירושלים, ישראל",,Partially cloudy
408,"Jerusalem,ISR",01/29/2023 00:00:00,52.1,52.1,52.1,46.7,81.79,,4.9,,294.0,,0.0,,,4.8,28.1,1014.9,"Mist, Smoke Or Haze",31.78,35.2187,"ירושלים, ישראל","ירושלים, ישראל",,Partially cloudy
409,"Jerusalem,ISR",01/29/2023 01:00:00,57.5,57.5,57.5,54.1,88.13,,1.7,,152.0,,0.0,,,4.8,48.1,1014.3,"Mist, Smoke Or Haze",31.78,35.2187,"ירושלים, ישראל","ירושלים, ישראל",,Partially cloudy
410,"Jerusalem,ISR",01/29/2023 02:00:00,51.0,51.0,51.0,47.6,88.03,,8.0,,283.0,,0.0,,,4.4,32.7,1014.7,"Mist, Smoke Or Haze",31.78,35.2187,"ירושלים, ישראל","ירושלים, ישראל",,Partially cloudy
411,"Jerusalem,ISR",01/29/2023 03:00:00,50.3,50.3,50.3,47.1,88.61,,8.3,,286.0,,0.0,,,4.0,40.5,1014.9,"Mist, Smoke Or Haze",31.78,35.2187,"ירושלים, ישראל","ירושלים, ישראל",,Partially cloudy
412,"Jerusalem,ISR",01/29/2023 04:00:00,50.1,50.1,50.1,46.7,88.0,,4.7,,302.0,,0.0,,,3.6,33.2,1014.9,"Mist, Smoke Or Haze",31.78,35.2187,"ירושלים, ישראל","ירושלים, ישראל",,Partially cloudy
413,"Jerusalem,ISR",01/29/2023 05:00:00,49.4,49.4,49.4,45.8,87.37,,4.5,,300.0,47.8,0.0,,,3.4,29.9,1014.9,Mist,31.78,35.2187,"ירושלים, ישראל","ירושלים, ישראל",,Partially cloudy
414,"Jerusalem,ISR",01/29/2023 06:00:00,49.4,49.4,49.4,44.9,84.46,,4.5,,311.0,47.8,0.0,,,3.8,30.9,1015.0,Mist,31.78,35.2187,"ירושלים, ישראל","ירושלים, ישראל",,Partially cloudy
415,"Jerusalem,ISR",01/29/2023 07:00:00,50.1,50.1,50.1,43.5,77.84,,3.6,,314.0,,0.0,,,4.2,37.7,1014.6,Mist,31.78,35.2187,"ירושלים, ישראל","ירושלים, ישראל",,Partially cloudy
416,"Jerusalem,ISR",01/29/2023 08:00:00,51.2,51.2,51.2,42.2,71.27,,1.6,,13.0,,0.0,,,4.6,35.3,1015.3,Mist,31.78,35.2187,"ירושלים, ישראל","ירושלים, ישראל",,Partially cloudy
417,"Jerusalem,ISR",01/29/2023 09:00:00,55.5,55.5,55.5,37.7,51.12,,2.0,,301.0,,0.0,,,5.9,44.4,1014.9,Smoke Or Haze,31.78,35.2187,"ירושלים, ישראל","ירושלים, ישראל",,Partially cloudy
418,"Jerusalem,ISR",01/29/2023 10:00:00,57.3,57.3,57.3,32.2,38.39,,6.9,,284.0,,0.0,,,5.9,44.4,1015.0,Smoke Or Haze,31.78,35.2187,"ירושלים, ישראל","ירושלים, ישראל",,Partially cloudy
419,"Jerusalem,ISR",01/29/2023 11:00:00,59.3,59.3,59.3,25.2,26.85,,4.7,,334.0,,0.0,,,5.9,32.6,1014.2,Smoke Or Haze,31.78,35.2187,"ירושלים, ישראל","ירושלים, ישראל",,Partially cloudy
420,"Jerusalem,ISR",01/29/2023 12:00:00,59.3,59.3,59.3,25.5,27.24,,5.1,,293.0,,0.0,,,6.0,33.2,1013.8,,31.78,35.2187,"ירושלים, ישראל","ירושלים, ישראל",,Partially cloudy
421,"Jerusalem,ISR",01/29/2023 13:00:00,60.9,60.9,60.9,26.8,27.09,,5.6,,287.0,,0.0,,,6.0,38.3,1012.8,,31.78,35.2187,"ירושלים, ישראל","ירושלים, ישראל",,Partially cloudy
422,"Jerusalem,ISR",01/29/2023 14:00:00,67.8,67.8,67.8,40.6,37.02,,6.3,,300.0,,0.0,,,6.0,45.4,1012.0,Smoke Or Haze,31.78,35.2187,"ירושלים, ישראל","ירושלים, ישראל",,Partially cloudy
423,"Jerusalem,ISR",01/29/2023 15:00:00,60.0,60.0,60.0,32.1,34.81,,4.9,,309.0,,0.0,,,6.0,37.7,1012.1,,31.78,35.2187,"ירושלים, ישראל","ירושלים, ישראל",,Partially cloudy
424,"Jerusalem,ISR",01/29/2023 16:00:00,58.4,58.4,58.4,35.0,41.39,,5.8,,284.0,,0.0,,,6.1,45.3,1012.3,,31.78,35.2187,"ירושלים, ישראל","ירושלים, ישראל",,Partially cloudy
425,"Jerusalem,ISR",01/29/2023 17:00:00,56.4,56.4,56.4,41.3,56.86,,3.8,,287.0,,0.0,,,6.2,48.8,1012.3,,31.78,35.2187,"ירושלים, ישראל","ירושלים, ישראל",,Partially cloudy
426,"Jerusalem,ISR",01/29/2023 18:00:00,62.0,62.0,62.0,51.5,68.44,,6.9,,286.0,,0.0,,,6.2,30.1,1013.0,,31.78,35.2187,"ירושלים, ישראל","ירושלים, ישראל",,Partially cloudy
427,"Jerusalem,ISR",01/29/2023 19:00:00,52.1,52.1,52.1,40.4,64.29,,4.2,,270.0,,0.0,,,6.2,42.7,1013.0,,31.78,35.2187,"ירושלים, ישראל","ירושלים, ישראל",,Partially cloudy
428,"Jerusalem,ISR",01/29/2023 20:00:00,51.2,51.2,51.2,43.1,73.72,,4.7,,307.0,,0.0,,,6.2,42.6,1013.1,,31.78,35.2187,"ירושלים, ישראל","ירושלים, ישראל",,Partially cloudy
429,"Jerusalem,ISR",01/29/2023 21:00:00,51.0,51.0,51.0,44.9,79.47,,7.4,,283.0,,0.0,,,6.2,57.4,1013.2,,31.78,35.2187,"ירושלים, ישראל","ירושלים, ישראל",,Partially cloudy
430,"Jerusalem,ISR",01/29/2023 22:00:00,51.0,51.0,51.0,46.1,83.35,,7.4,,285.0,,0.0,,,6.2,42.6,1013.2,,31.78,35.2187,"ירושלים, ישראל","ירושלים, ישראל",,Partially cloudy
431,"Jerusalem,ISR",01/29/2023 23:00:00,50.3,50.3,50.3,46.2,85.6,,7.6,,283.0,,0.0,,,6.2,50.0,1013.1,,31.78,35.2187,"ירושלים, ישראל","ירושלים, ישראל",,Partially cloudy
432,"Jerusalem,ISR",01/30/2023 00:00:00,56.6,56.6,56.6,50.7,80.79,,3.0,,,,0.0,,,6.2,50.0,1013.0,,31.78,35.2187,"ירושלים, ישראל","ירושלים, ישראל",,Partially cloudy
433,"Jerusalem,ISR",01/30/2023 01:00:00,49.4,49.4,49.4,45.8,87.33,,6.2,,270.0,46.8,0.0,,,6.2,32.6,1012.9,,31.78,35.2187,"ירושלים, ישראל","ירושלים, ישראל",,Partially cloudy
434,"Jerusalem,ISR",01/30/2023 02:00:00,48.9,48.9,48.9,45.8,89.11,,6.7,,270.0,45.9,0.0,,,6.2,28.1,1012.2,,31.78,35.2187,"ירושלים, ישראל","ירושלים, ישראל",,Partially cloudy
435,"Jerusalem,ISR",01/30/2023 03:00:00,49.2,49.2,49.2,45.8,87.92,,5.6,,279.0,46.9,0.0,,,6.2,30.9,1012.2,,31.78,35.2187,"ירושלים, ישראל","ירושלים, ישראל",,Partially cloudy
436,"Jerusalem,ISR",01/30/2023 04:00:00,53.0,53.0,53.0,49.4,87.54,,3.1,,260.0,,0.0,,,6.1,47.6,1012.0,,31.78,35.2187,"ירושלים, ישראל","ירושלים, ישראל",,Partially cloudy
437,"Jerusalem,ISR",01/30/2023 05:00:00,48.5,48.5,48.5,44.9,87.31,,6.3,,281.0,45.7,0.0,,,6.1,46.6,1012.0,Mist,31.78,35.2187,"ירושלים, ישראל","ירושלים, ישראל",,Partially cloudy
438,"Jerusalem,ISR",01/30/2023 06:00:00,47.6,47.6,47.6,44.4,88.46,,6.0,,274.0,44.8,0.0,,,6.1,43.1,1012.2,Drizzle,31.78,35.2187,"ירושלים, ישראל","ירושלים, ישראל",,Partially cloudy
439,"Jerusalem,ISR",01/30/2023 07:00:00,54.3,54.3,54.3,49.1,82.59,,2.7,,260.0,,0.0,,,5.9,47.6,1012.0,,31.78,35.2187,"ירושלים, ישראל","ירושלים, ישראל",,Partially cloudy
440,"Jerusalem,ISR",01/30/2023 08:00:00,49.4,49.4,49.4,45.3,85.57,,9.2,,272.0,45.6,0.0,,,5.9,34.2,1012.9,Mist,31.78,35.2187,"ירושלים, ישראל","ירושלים, ישראל",,Partially cloudy
441,"Jerusalem,ISR",01/30/2023 09:00:00,51.9,51.9,51.9,44.4,75.33,,9.4,,273.0,,0.0,,,6.1,32.6,1013.0,,31.78,35.2187,"ירושלים, ישראל","ירושלים, ישראל",,Partially cloudy
442,"Jerusalem,ISR",01/30/2023 10:00:00,53.0,53.0,53.0,42.6,67.56,,6.3,,263.0,,0.0,,,6.9,37.7,1013.0,,31.78,35.2187,"ירושלים, ישראל","ירושלים, ישראל",,Partially cloudy
443,"Jerusalem,ISR",01/30/2023 11:00:00,54.8,54.8,54.8,39.3,55.82,,6.7,,255.0,,0.0,,,6.2,79.0,1012.2,Smoke Or Haze,31.78,35.2187,"ירושלים, ישראל","ירושלים, ישראל",,Overcast
444,"Jerusalem,ISR",01/30/2023 12:00:00,65.2,65.2,65.2,49.0,55.63,,10.3,,265.0,,0.0,,,7.0,57.6,1011.9,,31.78,35.2187,"ירושלים, ישראל","ירושלים, ישראל",,Partially cloudy
445,"Jerusalem,ISR",01/30/2023 13:00:00,53.9,53.9,53.9,38.6,56.07,,10.7,,264.0,,0.0,,,6.0,30.1,1011.0,,31.78,35.2187,"ירושלים, ישראל","ירושלים, ישראל",,Partially cloudy
446,"Jerusalem,ISR",01/30/2023 14:00:00,53.9,53.9,53.9,39.5,58.05,,12.1,,277.0,,0.0,,,6.8,60.3,1010.3,Smoke Or Haze,31.78,35.2187,"ירושלים, ישראל","ירושלים, ישראל",,Partially cloudy
447,"Jerusalem,ISR",01/30/2023 15:00:00,65.7,65.7,65.7,46.6,50.18,,11.4,,264.0,,0.0,,,6.0,61.2,1010.3,,31.78,35.2187,"ירושלים, ישראל","ירושלים, ישראל",,Partially cloudy
448,"Jerusalem,ISR",01/30/2023 16:00:00,52.8,52.8,52.8,40.8,63.41,,10.5,,281.0,,0.0,,,7.2,61.2,1010.9,Smoke Or Haze,31.78,35.2187,"ירושלים, ישראל","ירושלים, ישראל",,Partially cloudy
449,"Jerusalem,ISR",01/30/2023 17:00:00,51.0,51.0,51.0,41.3,69.2,,7.0,,265.0,,0.0,,,5.9,60.3,1011.0,"Rain, Light Rain",31.78,35.2187,"ירושלים, ישראל","ירושלים, ישראל",,Partially cloudy
450,"Jerusalem,ISR",01/30/2023 18:00:00,49.2,49.2,49.2,40.4,71.51,,11.2,,275.0,44.7,0.0,,,6.0,46.3,1011.0,Light Rain,31.78,35.2187,"ירושלים, ישראל","ירושלים, ישראל",,Partially cloudy
451,"Jerusalem,ISR",01/30/2023 19:00:00,48.5,48.5,48.5,42.6,79.84,,8.3,,266.0,44.8,0.0,,,6.0,42.7,1011.0,,31.78,35.2187,"ירושלים, ישראל","ירושלים, ישראל",,Partially cloudy
452,"Jerusalem,ISR",01/30/2023 20:00:00,46.5,46.5,46.5,42.0,84.2,,6.7,,261.0,43.2,0.0,,,6.0,53.4,1011.1,"Sky Coverage Decreasing, Smoke Or Haze",31.78,35.2187,"ירושלים, ישראל","ירושלים, ישראל",,Partially cloudy
453,"Jerusalem,ISR",01/30/2023 21:00:00,46.7,46.7,46.7,42.9,86.57,,7.6,,272.0,42.9,0.0,,,6.0,53.1,1011.1,,31.78,35.2187,"ירושלים, ישראל","ירושלים, ישראל",,Partially cloudy
454,"Jerusalem,ISR",01/30/2023 22:00:00,46.7,46.7,46.7,42.2,84.14,,7.2,,263.0,43.2,0.0,,,6.0,30.8,1011.0,,31.78,35.2187,"ירושלים, ישראל","ירושלים, ישראל",,Partially cloudy
455,"Jerusalem,ISR",01/30/2023 23:00:00,44.0,44.0,44.0,40.2,86.36,,10.3,,254.0,38.5,0.0,,,6.0,48.2,1010.8,Smoke Or Haze,31.78,35.2187,"ירושלים, ישראל","ירושלים, ישראל",,Partially cloudy
456,"Jerusalem,ISR",01/31/2023 00:00:00,54.5,54.5,54.5,47.1,75.99,,9.7,,178.0,,0.0,,,5.7,54.8,1010.0,Rain,31.78,35.2187,"ירושלים, ישראל","ירושלים, ישראל",,Partially cloudy
